name,type,chisq,rin,rout,rlaw,amin,amax,alaw,mass,oliv1,fcryst1,ffost1,like_down,like_up,rin_down,rin_up,rout_down,rout_up,rlaw_down,rlaw_up,amin_down,amin_up,amax_down,amax_up,alaw_down,alaw_up,mass_down,mass_up,oliv1_down,oliv1_up,fcryst1_down,fcryst1_up,ffost1_down,ffost1_up,chisq_down,chisq_up
NGC2422PMS112,disk,22.1639,16.29296,358.910081,2.607,1.9492,2.051188,4.9258,3.5034828830157e+16,0.9994,0.2413,0.7101,1.5e-05,1.5e-05,15.615023,16.827763,327.840793,367.871634,2.57495,2.631799,1.887466,1.992874,2.008543,2.123552,4.8973,5.096312,3.42817525798523e+16,3.61184813022204e+16,0.998204,0.999832,0.239446,0.252495,0.689443,0.704916,22.24179,22.96046
HD32297,disk,4.8787,55.74424,773.12597,-0.7615,2.8655,41.776871,2.532,8.74782325961286e+22,0.4815,0.351,0.1697,0.07369,0.084349,58.071622,63.530164,762.675678,808.591876,-0.749717,-0.71489,2.792773,2.923273,33.119833,36.399032,2.52112,2.590902,7.17600558201552e+22,8.97051951557242e+22,0.48222,0.504116,0.363137,0.373008,0.173196,0.197673,4.928496,5.471754
HD143675,disk,4.7114,108.893009,969.400789,0.0062,2.2549,906.966601,4.4068,3.28019755076989e+21,0.5095,0.176,0.4739,0.089699,0.094346,100.429289,111.978333,941.292913,1007.297979,-0.020542,0.01689,2.214339,2.327709,893.393164,970.269242,4.366236,4.425434,3.00631731658492e+21,3.77295616437432e+21,0.501439,0.512302,0.172762,0.198599,0.476993,0.486301,4.766552,5.228472
HD109573,disk,39.658,2780.993668,183.459082,1.4051,3.9101,30.400618,3.5807,1.21955109365969e+23,0.1965,0.1664,0.1972,0.0,0.0,2767.40202,2798.054864,180.718266,188.796303,1.381469,1.426783,3.86115,3.948133,29.908885,30.911867,3.570278,3.604364,1.17318101313994e+23,1.27953889517956e+23,0.171648,0.200621,0.161795,0.171199,0.195321,0.199275,39.712222,40.308068
HD110411,disk,6.8389,55.030062,4336.09686,-0.0566,5.4229,76.472464,5.272,3.67366880110304e+22,0.0108,0.4756,0.2455,0.030589,0.032564,53.99362,60.201862,3772.443219,4517.325725,-0.0735,-0.047189,5.483625,5.683097,75.166562,79.986115,5.263053,5.337284,3.22353344673695e+22,4.20684593949228e+22,0.008399,0.013115,0.487578,0.506006,0.245274,0.255262,6.898284,7.399176
1RXSJ051111.1+281353,disk,1.9296,10.139114,8994.621546,3.5522,0.8178,706.033389,4.1042,3.20922376804843e+16,0.7885,0.1189,0.6126,0.310857,0.379118,10.028258,10.673729,5971.375468,8828.544002,3.176412,3.436196,0.81899,0.967031,550.825219,913.174279,3.984277,4.117619,3.18037257652218e+16,3.99786170786572e+16,0.775213,0.813923,0.091681,0.131209,0.624406,0.662809,2.000125,2.766746
AlphaCrb,disk,50.6973,82.584777,92.880089,-1.5554,24.9082,287.37761,4.1355,3.66100228546544e+21,0.0646,0.0014,0.3165,0.0,0.0,71.622189,91.851768,84.767999,106.537916,-1.786284,-1.450129,23.518068,25.931342,216.591623,375.893888,4.012811,4.369424,2.94811119791414e+21,4.18251482057128e+21,0.032077,0.113013,0.000848,0.00959,0.265374,0.364854,50.760022,51.302726
BD+20307,disk,5.6183,99.792982,727.414946,3.6468,0.3466,21.57243,3.2296,8.31763771102674e+18,0.7918,0.0497,0.609,0.053583,0.059457,96.856499,102.832304,710.673668,764.815486,3.618816,3.689583,0.318965,0.361308,18.565304,22.723493,3.193844,3.25059,7.77626071230577e+18,8.77690356240843e+18,0.788305,0.796045,0.045973,0.053713,0.594912,0.611888,5.675249,6.205216
BetaPic,disk,26.2341,35.628702,1365.281,0.0038,5.6891,477.398735,5.3681,3.16009399044795e+23,0.6495,0.9994,0.0025,2.0e-06,2.0e-06,34.197856,36.536431,1333.780684,1409.477463,-0.004324,0.011631,5.611854,5.743592,468.598925,489.745543,5.35154,5.391245,3.05954898922579e+23,3.15141616704179e+23,0.645949,0.654604,0.997434,0.999849,0.00131,0.004675,26.297033,26.855274
EfCha,disk,57.1471,11.007787,7326.505883,2.2057,3.1193,3.3059,2.0694,1.26328110380736e+18,0.403,0.3166,0.9985,0.0,0.0,10.10704,12.343994,6930.46784,8413.956356,2.094856,2.294367,3.031982,3.23763,3.168458,3.436956,1.971705,2.136813,1.15197292183933e+18,1.47194524357912e+18,0.375824,0.439631,0.288064,0.338564,0.967065,0.997957,57.504438,60.58219
EtaTel,disk,8.694,197.970281,109.851535,0.1185,3.9656,3008.681337,4.3612,1.09068665651598e+21,0.8212,0.2267,0.3127,0.012081,0.01288,192.686438,215.627461,104.93125,120.458256,0.099713,0.179223,3.883993,4.079937,2948.346774,3273.605047,4.341213,4.395837,9.91616433754305e+20,1.32607373689867e+21,0.816909,0.833844,0.22552,0.241347,0.295433,0.307069,8.756719,9.289467
GamOph,disk,20.0829,53.65374,481.733072,-0.9415,20.6287,1456.924972,5.1584,3.42688870432787e+22,0.2032,0.0001,0.4644,4.1e-05,4.3e-05,47.419449,75.220576,414.785078,499.152811,-0.992623,-0.949108,21.806849,23.433703,1368.559958,1540.153303,4.910093,5.069398,3.05872057394522e+22,3.97431898382663e+22,0.179939,0.201726,0.000227,0.018498,0.451248,0.467641,20.152743,20.746008
HD104231,disk,2.5577,25.503513,119.339867,0.3273,6.3228,309.59412,2.37,6.50878610840411e+19,0.8441,0.003,0.3657,0.240653,0.27694,23.850871,27.105243,101.570043,125.107392,0.303076,0.409356,6.186557,6.804043,298.919967,327.785279,2.34943,2.454874,5.69574943142124e+19,7.32008903009984e+19,0.837522,0.871013,0.002108,0.003707,0.359486,0.370049,2.621671,3.235985
HD104600,disk,7.1723,293.56211,81.222032,0.0094,6.3842,14.755652,4.7444,1.16869180842192e+20,0.7481,0.289,0.1642,0.025948,0.027564,275.045634,305.787533,80.084365,87.622054,-0.028064,0.037948,6.173726,6.455407,14.553736,15.837216,4.617614,4.778263,1.11570827383412e+20,1.29496985453405e+20,0.73303,0.751098,0.288134,0.29722,0.156882,0.167722,7.236936,7.783408
HD10472,disk,5.0345,25.935821,5728.172616,-0.2424,5.5585,131.410799,3.6047,1.37879595296886e+23,0.3416,0.7398,0.0016,0.075541,0.08027,19.901758,25.80577,3006.192753,5946.974425,-0.275399,-0.224615,5.451045,5.920182,117.447431,149.863455,3.584538,3.713605,4.3416530751669e+22,1.40446305700359e+23,0.326092,0.346601,0.654537,0.756113,0.000214,0.006685,5.134115,5.994071
HD105613,disk,2.0395,86.956089,409.250355,0.7536,3.8954,393.939116,4.2538,3.32276785211075e+19,0.3105,0.0056,0.4116,0.342394,0.358847,87.209936,98.640649,416.338653,465.136822,0.752017,0.806383,3.682785,3.965068,370.12368,408.327833,4.236336,4.292993,3.25664413963236e+19,4.07265316887325e+19,0.326923,0.342731,0.00506,0.009687,0.39425,0.408957,2.115032,2.759607
HD105850,disk,7.5555,43.732067,446.162809,0.2977,9.7783,10.486258,3.3261,1.03633460443104e+20,0.18,0.833,0.0012,0.021732,0.022757,40.71444,48.116972,426.60665,468.591352,0.27898,0.325215,9.563465,9.966298,10.205291,10.726174,3.248812,3.357396,9.33172086666696e+19,1.20492635672112e+20,0.1762,0.184776,0.82732,0.839928,0.000267,0.004208,7.677289,8.803423
HD105857,disk,2.0817,17.056896,182.136734,-0.4917,2.2098,66.833337,3.2001,2.17620598318574e+19,0.4274,0.2635,0.1948,0.332755,0.351354,16.476045,18.359526,168.070974,187.330503,-0.531402,-0.470816,2.071891,2.336552,61.906444,70.813905,3.157336,3.281428,1.92327715179942e+19,2.39270763551125e+19,0.392391,0.435129,0.21665,0.272372,0.179296,0.201969,2.177737,3.035328
HD106036,disk,4.1133,123.594743,180.335778,0.3145,3.1189,34.497276,3.8693,1.70726131610614e+20,0.8384,0.3175,0.1228,0.119851,0.127232,119.460738,131.71093,166.820598,196.497719,0.316378,0.367815,3.070067,3.24164,37.354207,42.119266,3.892858,3.977208,1.36884898207263e+20,2.00074483464036e+20,0.84877,0.873801,0.332112,0.34132,0.116535,0.132464,4.170018,4.648428
HD10638,disk,3.3713,52.492832,9823.005648,-0.2951,4.2973,3548.1688,5.4103,1.60583160062501e+23,0.386,0.4421,0.3312,0.174935,0.184379,52.509682,62.636005,5194.776518,7556.613945,-0.331281,-0.281387,4.12351,4.497264,2857.054839,3536.060159,5.298529,5.399466,5.18688598707843e+22,1.14075442749437e+23,0.380055,0.397185,0.431677,0.45478,0.326614,0.356931,3.447838,4.125245
HD106389,disk,2.1118,48.562384,31512.412023,1.658,3.1052,171.876832,4.8054,2.25372021414599e+18,0.5206,0.3096,0.2839,0.32135,0.346106,38.354065,54.031383,18858.649515,24573.208338,1.362373,1.6886,2.857842,3.228395,142.382127,204.642441,4.749429,4.895666,1.80917263165145e+18,1.64618661122423e+19,0.483398,0.523345,0.294821,0.327541,0.247742,0.283588,2.19479,2.934226
HD106797,disk,12.848,25.953743,209.550341,-0.3591,4.7901,12.06672,3.3769,6.06177762046693e+19,0.9,0.0275,0.3417,0.001542,0.001614,25.354098,26.478201,205.278383,214.360267,-0.370235,-0.347501,4.793255,4.825527,11.75032,12.413568,3.35784,3.3948,5.81963956248848e+19,6.27268683810318e+19,0.89636,0.903431,0.025265,0.02997,0.337617,0.346329,12.900994,13.717335
HD106906,disk,3.3959,160.62014,30.529403,-3.2466,9.0432,4937.987281,4.1588,1.59955802861467e+21,0.4363,0.0063,0.0901,0.173611,0.182127,145.046802,194.962592,28.738488,33.517466,-3.261168,-3.194309,9.553906,10.120297,4677.621976,5343.2385,4.005646,4.187554,1.43232275922345e+21,2.76206229892554e+21,0.426069,0.44268,0.003972,0.018214,0.080449,0.093418,3.456658,3.96914
HD107301,disk,4.7803,145.110888,64.148131,-1.498,22.1936,8697.613521,4.2582,6.51928549134064e+20,0.9281,0.0022,0.129,0.087251,0.091149,142.977398,151.440601,62.847396,65.312378,-1.514684,-1.481396,21.919361,22.284437,8280.511239,8938.278629,4.226994,4.269438,6.35630302886871e+20,7.19642257100628e+20,0.925751,0.937103,0.000906,0.004991,0.121518,0.131254,4.854928,5.481445
HD107947,disk,2.7033,55.245893,146.878554,-0.1425,8.4157,312.685849,4.3451,6.16595001861481e+19,0.6937,0.0702,0.1034,0.237558,0.257495,75.984268,95.0287,114.364243,135.672235,-0.119548,-0.062844,9.812488,10.558613,311.677357,347.923063,4.201122,4.314979,8.77775599016056e+19,1.18939810312788e+20,0.674098,0.694374,0.024261,0.040819,0.087205,0.102987,2.770869,3.342138
HD108857,disk,4.2882,122.348881,657.020408,1.0208,2.1924,787.211405,3.2866,1.37689239120096e+21,0.0203,0.1388,0.0979,0.106439,0.116577,119.892626,125.979921,625.176659,734.124566,1.040752,1.097719,2.125916,2.318315,765.587477,827.900275,3.263067,3.454888,1.22005797262947e+21,1.51060319189693e+21,0.015849,0.043945,0.126738,0.142998,0.094247,0.115341,4.354909,4.930794
HD108904,disk,0.2351,203.891913,496.899479,0.4896,1.6525,8.358586,4.4804,3.95730933929362e+20,0.6608,0.1333,0.5209,0.732659,0.884563,236.933132,421.144616,205.476992,464.278264,0.584915,2.10511,1.772978,2.377491,8.004284,12.171817,4.563651,4.813911,7.6738585997192e+18,3.67861002141052e+20,0.643116,0.690956,0.171586,0.238486,0.533088,0.587847,0.324817,1.200581
HD109704,disk,3.6732,42.45218,16284.855437,0.3298,4.8995,6.327677,3.2063,1.4852515011766e+22,0.024,0.3398,0.0073,0.147522,0.158546,36.681698,45.138808,15949.408397,19429.160883,0.308692,0.344924,4.84539,5.114322,5.929029,6.697967,3.19411,3.275344,1.20238333405701e+22,2.41052794238009e+22,0.021159,0.036683,0.33495,0.384568,0.000521,0.01257,3.752565,4.453421
HD109832,disk,2.2941,38.530088,168.643836,-0.7049,6.1009,7.274218,4.2887,7.16308327313037e+19,0.1169,0.005,0.3409,0.302353,0.315954,37.572888,42.713085,153.803226,171.347621,-0.710573,-0.661086,5.9607,6.300397,7.228897,7.790763,4.235793,4.303604,7.0079651780432e+19,8.5193310886695e+19,0.107399,0.12327,0.000208,0.005456,0.335602,0.349036,2.364159,2.956485
HD110058,disk,7.7801,85.94092,172.654727,-0.9778,3.8242,40.155094,4.9171,8.07606861328975e+20,0.0613,0.0573,0.1651,0.018973,0.02034,79.644354,85.326282,166.458744,174.628218,-1.045291,-1.006817,3.805868,3.925889,39.386214,41.499435,4.985519,5.024498,6.97964327991216e+20,8.01303180345341e+20,0.061221,0.068922,0.06303,0.069817,0.152535,0.164374,7.848352,8.406476
HD111520,disk,1.8184,57.016427,93.760016,-1.8287,5.5735,32.941169,4.7574,1.7183039957263e+20,0.9795,0.2091,0.1823,0.378356,0.400794,52.118179,65.83113,85.360502,96.499074,-2.048141,-1.899181,5.262199,6.076149,24.487573,33.369912,4.646687,4.762087,1.25129308985948e+20,2.08862260809182e+20,0.965306,0.987559,0.155376,0.20112,0.185966,0.209971,1.891174,2.536704
HD112383,disk,5.8419,103.038612,31.356643,-1.079,18.5448,325.606444,3.8227,6.76550158306898e+19,0.9807,0.0196,0.0017,0.048702,0.053608,109.438352,128.898766,27.560573,30.604599,-1.12501,-1.052734,18.95646,20.165117,457.947639,595.788025,3.416061,3.591368,9.13295292948569e+19,1.27204361979149e+20,0.979455,0.992992,0.007578,0.025523,0.000305,0.013565,5.919714,6.582218
HD113457,disk,1.075,228.454649,152.925827,0.7395,3.6732,19.924761,3.8173,8.69160537856856e+19,0.0223,0.095,0.224,0.556213,0.581231,216.024083,233.402076,120.713511,137.676434,0.688562,0.743713,3.601635,3.797822,15.8771,17.93319,3.871522,3.920237,5.76487338283222e+19,7.42667295627513e+19,0.018254,0.024929,0.08108,0.091139,0.213788,0.22366,1.1441,1.725581
HD113556,disk,2.7531,33.53513,7101.222456,-0.0971,4.8451,5.640473,4.3453,1.83358057759778e+22,0.7264,0.2839,0.7013,0.233899,0.251161,29.064605,36.066068,4459.432918,7468.423806,-0.124432,-0.051029,4.581597,5.096798,5.162744,6.204728,4.383159,4.479127,7.91554400079452e+21,2.11149395711977e+22,0.717717,0.768428,0.281697,0.348247,0.698256,0.73568,2.830872,3.576177
HD114082,disk,3.1646,723.269248,194.664359,0.1816,2.2572,231.857998,3.783,7.22769803602173e+22,0.3608,0.0409,0.57,0.195519,0.204456,704.1061,747.703294,184.740636,199.915687,0.172417,0.2083,2.218985,2.378481,223.75947,243.713515,3.77922,3.817106,6.20263903456288e+22,7.7189004279631e+22,0.359133,0.367314,0.027468,0.034531,0.563286,0.571367,3.228686,3.770503
HD115361,disk,1.8594,38.045211,205.473013,-0.5401,25.8455,53.798011,1.8529,5.2215567204896e+20,0.5066,0.0066,0.9086,0.369249,0.392662,28.910742,46.315669,147.941157,269.77383,-0.846823,-0.257273,24.700435,27.418006,76.086028,567.939647,1.700221,1.994419,2.0425821287046e+20,1.06929895390501e+21,0.464747,0.566767,0.004898,0.054746,0.883186,0.975847,1.926002,2.594593
HD117214,disk,5.036,39.49117,238.081662,-0.9939,1.9497,8.558933,2.1619,1.0725066656157e+21,0.46,0.0787,0.0215,0.074389,0.080211,32.930669,37.700955,218.90532,241.69758,-1.066636,-1.005452,2.118334,2.472829,7.632416,8.561855,2.177497,2.285843,6.96731095100928e+20,1.02324568929603e+21,0.466781,0.485969,0.094614,0.11569,0.018905,0.063396,5.09249,5.582399
HD117484,disk,1.8987,162.704663,743.245048,-0.0692,3.1983,20.448702,3.6651,1.68616472690949e+21,0.7062,0.0892,0.2889,0.367412,0.385025,148.586887,170.0451,620.915686,728.339125,-0.108649,-0.075036,3.143934,3.337035,22.606258,25.816242,3.579581,3.725777,1.31659539220954e+21,1.72220776767483e+21,0.692348,0.708132,0.093501,0.107365,0.262485,0.284827,1.957558,2.454018
HD117524,disk,1.5524,17.656312,1.263216,4.5548,14.2154,4917.354118,4.4425,3.95639824004252e+16,0.6272,0.3,0.8589,0.408446,0.45781,15.9923,20.393503,1.199302,1.453545,4.32732,4.571465,13.318595,14.499169,3371.76972,4948.072061,4.431305,4.497577,3.19641750212799e+16,5.08421890456382e+16,0.590944,0.636987,0.262513,0.302159,0.764451,0.841964,1.613574,2.24221
HD117665,disk,3.4046,223.048856,117.523022,0.6089,3.4678,8.291413,3.1946,2.78868846315917e+19,0.2585,0.0062,0.7508,0.173125,0.181335,217.377647,233.770943,114.249271,131.397172,0.608098,0.665133,3.426077,3.659105,7.737452,8.681101,3.126794,3.172467,2.66616809989782e+19,3.29171753314999e+19,0.255689,0.269968,0.000194,0.005109,0.756513,0.781842,3.495149,4.258916
HD118379,disk,2.829,1831.892565,1048.710266,3.6268,8.461,18.001721,3.6868,4.97966354164484e+19,0.9669,0.2314,0.5722,0.230695,0.241808,1749.245136,2006.432605,308.757824,3639.168501,3.586231,3.94911,7.601068,10.45345,138.248014,1200.754455,3.397302,3.70726,1.41260747484342e+19,2.82380739062956e+23,0.9348,0.994916,0.209066,0.255727,0.522009,0.625076,2.909322,3.593184
HD118588,disk,2.2089,116.385801,53.907303,-0.4635,6.5727,11.202363,2.8319,1.83020610631105e+19,0.5393,0.0213,0.2869,0.308143,0.329705,112.902711,156.360914,33.256063,67.649538,-0.524151,-0.305843,5.90591,7.181972,9.124487,14.348573,2.656948,2.956231,1.54403519081917e+19,2.54671596367938e+19,0.509586,0.60915,0.014461,0.025748,0.24139,0.3214,2.276537,2.861778
HD120326,disk,2.146,1154.25031,2311.07085,4.1359,6.6593,7.024573,4.1164,7.89223484789976e+19,0.1574,0.1157,0.3629,0.317173,0.340239,1105.544959,1177.682402,311.880888,4494.879206,3.940321,4.235212,5.323604,7.984193,12.558153,69.590082,3.90308,4.20528,6.45182220916597e+19,9.63717939845258e+19,0.095061,0.19874,0.118817,0.161569,0.328321,0.407451,2.214762,2.811098
HD122705,disk,4.1142,20.820924,219.3996,0.4823,4.5311,4.922737,4.2493,9.37777913412172e+17,0.3956,0.1257,0.2168,0.08899,0.127173,19.002475,28.498417,207.59351,237.859154,0.454001,0.523119,4.400025,4.65472,4.700933,5.111729,4.215971,4.270875,8.18371670698391e+17,1.21234877820215e+18,0.390439,0.401742,0.108159,0.13297,0.21223,0.222404,4.181449,4.879171
HD124619,disk,2.1468,21.75204,1149.982725,0.4552,11.2876,179.021297,3.2482,1.99710086602818e+20,0.5183,0.0047,0.3258,0.322917,0.340102,17.905924,27.306119,1148.407271,1434.259483,0.436321,0.484505,10.554951,11.068983,149.273844,173.768415,3.326298,3.436132,1.60366283072426e+20,2.62403151814936e+20,0.534823,0.551347,0.003376,0.007496,0.326894,0.352725,2.225304,2.935655
HD125541,disk,1.9234,116.842274,3574.528343,0.1947,3.5454,10.580905,4.0955,6.44020957135654e+21,0.0484,0.0384,0.1389,0.362722,0.3803,111.835924,122.565293,3415.415609,3739.702845,0.176761,0.214854,3.395981,3.698281,10.152627,11.068369,4.072756,4.116281,5.63419737013361e+21,7.38885022877366e+21,0.043696,0.052727,0.033985,0.042682,0.133743,0.145141,1.980881,2.866341
HD126062,disk,3.395,58.925055,2497.758538,-0.015,3.434,304.729885,4.3786,3.40173125251792e+21,0.5287,0.1819,0.4324,0.164949,0.182207,47.475392,68.401937,1435.199737,2431.303312,-0.068435,0.033378,2.726153,4.205607,97.938695,649.387364,4.32769,4.521436,9.49290028152207e+20,3.87148568618358e+21,0.532462,0.641178,0.171621,0.268309,0.383586,0.473009,3.483318,4.259739
HD126135,disk,1.512,204.126787,95.507448,0.2691,29.3563,1378.301432,4.1902,1.69316779751001e+20,0.6393,0.0009,0.0487,0.425225,0.467152,185.395262,244.057875,73.146256,83.319681,0.197739,0.301165,27.839683,29.276433,1150.006212,1277.25976,4.183502,4.272026,8.57814811653552e+19,1.34373253998169e+20,0.645496,0.668136,0.000274,0.002312,0.046008,0.073038,1.572925,2.115762
HD127750,disk,7.5683,58.304221,5216.840411,-0.0084,3.6066,13.706436,5.4975,4.25304521683434e+21,0.3475,0.2068,0.8155,0.020864,0.022612,72.894199,81.844416,4759.872509,5298.819837,-0.019033,0.007885,3.573995,3.77568,15.492192,16.887728,5.489254,5.498991,5.42913093168718e+21,7.65716317618437e+21,0.275633,0.294742,0.229366,0.240144,0.831105,0.842899,7.633982,8.203603
HD129590,disk,13.2566,1825.996749,3.294938,-0.6128,16.701,231.590007,2.9845,6.7235710723432e+21,0.6176,0.4435,0.0003,0.001207,0.001316,1792.614255,1858.608957,3.253489,3.373366,-0.628554,-0.595904,16.585788,16.836464,225.573538,239.966056,2.957533,3.012348,6.46241329638585e+21,7.00492894858105e+21,0.614425,0.620621,0.437147,0.44991,0.000127,0.002081,13.316299,13.830482
HD132238,disk,0.6876,252.289979,70.369511,0.4282,19.9421,107.515291,3.2594,5.65978586242697e+19,0.59,0.0876,0.3434,0.666379,0.705457,234.354201,262.50475,68.405895,85.30063,0.409219,0.46595,19.74397,20.322516,100.193731,110.028621,3.248134,3.312951,5.30453502890212e+19,7.07700995429817e+19,0.585424,0.602081,0.081987,0.097646,0.339435,0.358633,0.762581,1.449962
HD133803,disk,3.6124,36.391504,101.10167,-0.2958,6.8504,7.355932,4.0312,1.60509225809689e+19,0.6298,0.0314,0.0911,0.148936,0.16344,33.023252,38.841162,85.836377,106.874898,-0.325411,-0.269949,6.624029,6.985295,7.205787,7.721967,3.995333,4.158003,1.4503162368096e+19,1.69176720669802e+19,0.623435,0.635382,0.023119,0.031587,0.066234,0.092078,3.695391,4.401972
HD134888,disk,3.2731,22.688198,526.468598,-0.7719,23.2751,25.022718,3.5843,2.38067438962545e+21,0.7276,0.4185,0.0004,0.18206,0.193658,20.953873,24.855152,475.421956,556.629158,-0.821003,-0.759063,23.16015,24.287907,23.960076,28.39307,3.549776,3.8799,1.88584085822447e+21,3.2546503413294e+21,0.734191,0.775032,0.395209,0.42145,0.000859,0.069419,3.356829,4.074676
HD135379,disk,7.166,162.255714,140.398247,0.3399,3.3794,39.642357,3.9993,3.17321866383614e+20,0.5948,0.0093,0.3954,0.026155,0.027651,156.167036,168.940484,136.444799,144.447092,0.321237,0.361851,3.301263,3.475531,38.192779,41.813264,3.987435,4.012073,2.98765372630225e+20,3.42066779851711e+20,0.591067,0.597662,0.007523,0.011172,0.391033,0.400105,7.237833,7.89635
HD136347,disk,3.2297,42.805542,2.529698,2.0703,23.0953,24.335328,4.0282,5.57956061482178e+17,0.3302,0.9965,0.9977,0.188925,0.197908,38.719831,44.59305,2.438327,2.752167,2.001436,2.071389,22.947241,23.736096,24.096504,25.909261,3.915478,4.004718,3.19413427652928e+17,7.16554761119282e+17,0.321242,0.35452,0.994701,0.999677,0.994247,0.999715,3.292665,3.839969
HD136482,disk,1.6892,269.649736,912.255789,0.5311,4.4887,355.300222,3.4838,3.57437406264481e+21,0.3325,0.1913,0.1573,0.404057,0.427538,261.256386,291.314294,846.84074,1228.467438,0.512169,0.570185,4.489051,4.554958,299.150525,352.175936,3.404628,3.497481,3.17293084482574e+21,6.37187495493611e+21,0.303587,0.344453,0.183155,0.215301,0.149939,0.168996,1.780776,2.562263
HD137057,disk,2.8605,61.531854,282.029789,-0.5038,3.2353,5.843452,4.1541,1.2694044019618e+20,0.0007,0.1648,0.1087,0.226146,0.23803,58.993068,65.693443,183.460682,272.228481,-0.670047,-0.584133,3.100716,3.326275,7.033899,8.365395,4.14703,4.203521,7.43334133492301e+19,1.10116352262628e+20,0.001036,0.010788,0.127384,0.144778,0.10179,0.114462,2.935528,3.592143
HD137119,disk,2.8729,164.323622,26.799102,0.4167,3.7778,13.322333,3.0127,3.12751931140799e+18,0.1138,0.4403,0.1706,0.222234,0.236559,156.156732,168.769243,23.64988,27.396784,0.326267,0.386883,3.710526,4.004636,13.086105,14.742146,2.989598,3.102515,2.75382032935224e+18,3.48160677787533e+18,0.092773,0.110025,0.443822,0.472799,0.140408,0.172402,2.94498,3.575795
HD138813,disk,4.4096,135.207256,86.098445,-1.4067,15.0471,144.269818,3.6668,2.51883662784173e+21,0.517,0.0018,0.2059,0.102378,0.109712,138.729861,157.118765,74.457521,85.626861,-1.464724,-1.36061,15.045116,16.283271,130.16242,171.742528,3.58869,3.736837,2.28452119483736e+21,2.91474705775754e+21,0.485388,0.512442,0.000532,0.005957,0.162015,0.206216,4.466757,4.938684
HD140840,disk,2.1614,72.979352,2794.18413,-0.1355,3.5735,5.473102,2.9488,2.58404456901245e+21,0.645,0.0969,0.3528,0.311592,0.337628,70.329646,87.789256,1548.518264,2013.887059,-0.172251,-0.138969,3.430324,3.661594,5.647404,6.27963,2.902664,2.94987,1.10412209606516e+21,1.84881811994821e+21,0.606928,0.621714,0.062282,0.090108,0.341452,0.350326,2.256406,3.061525
HD141254,disk,2.3971,23.072784,631.982382,0.7009,8.4698,8.888043,3.377,4.47301134824449e+18,0.5096,0.9987,0.186,0.228337,0.300094,20.784511,27.079295,465.654479,718.685749,0.65614,0.765101,8.129127,8.747368,8.466206,9.525085,3.327457,3.471631,2.73762005581322e+18,5.58596186156255e+18,0.49769,0.521733,0.99167,0.999648,0.172431,0.200297,2.474909,3.385414
HD141327,disk,2.0175,148.183552,1569.160063,0.7094,7.6213,11.290334,3.3137,1.18113625393405e+20,0.2904,0.0034,0.8956,0.341161,0.362816,141.456041,163.440104,1582.879685,1777.66891,0.698915,0.750871,6.826949,7.293022,10.846342,13.367795,3.248259,3.308545,1.03860620784113e+20,1.50617746452621e+20,0.275355,0.2922,0.001239,0.005641,0.88022,0.895466,2.097667,2.804018
HD142139,disk,1.3482,44.258837,1852.605123,0.1969,3.8064,947.080278,4.3801,1.12124365904749e+21,0.4456,0.2582,0.018,0.472113,0.507017,23.194423,35.216407,849.509117,1920.970906,0.159288,0.216025,3.805225,4.330336,727.603262,1379.897382,4.407641,4.487897,1.49724630784756e+20,1.08002490227895e+21,0.432827,0.46382,0.296221,0.33118,0.00214,0.022032,1.431187,2.165667
HD144587,disk,1.4479,50.141809,513.806066,0.319,2.4208,98.750658,3.6186,1.70255049000251e+20,0.3476,0.0765,0.1378,0.456593,0.482362,43.601628,54.002077,463.306821,539.13788,0.295229,0.341546,2.290973,2.569803,91.465695,108.976239,3.586716,3.686009,1.3569142171994e+20,1.75367646433906e+20,0.339018,0.352088,0.075302,0.090697,0.116792,0.144132,1.530477,2.230268
HD144981,disk,1.0104,102.494368,1083.533696,0.8314,3.652,92.756239,3.6969,1.08692605632623e+20,0.5348,0.2082,0.5325,0.567345,0.600309,85.922888,121.772162,184.776214,2366.299999,0.741707,0.946116,3.693317,4.333756,63.985621,512.574688,3.604682,3.908382,5.19476513927526e+19,1.66699168329751e+20,0.503112,0.616095,0.177583,0.254487,0.489774,0.592544,1.091465,1.804129
HD145554,disk,2.3046,163.945689,289.662645,0.6949,4.3391,133.241991,3.321,2.39331575640539e+20,0.4576,0.1853,0.1759,0.275991,0.314302,156.991805,174.60693,270.421126,306.805787,0.671153,0.718714,4.23492,4.485265,127.661894,138.006109,3.297873,3.34471,2.14146207054103e+20,2.65030252715098e+20,0.448091,0.466583,0.177046,0.193714,0.169836,0.181518,2.364686,2.979762
HD145631,disk,0.886,687.859912,28.827315,3.398,22.1074,359.643187,1.5645,7.40457267450898e+19,0.5033,0.138,0.5196,0.603396,0.638836,545.296344,850.145138,280.377445,2539.906661,3.054111,4.09971,19.763988,22.549456,84.708921,942.153167,1.514816,1.811986,3.65746123136896e+19,9.03422250903282e+19,0.341724,0.498158,0.100695,0.198362,0.466477,0.572118,0.95641,1.617222
HD145689,disk,4.5816,10.616956,2121.688996,0.5519,12.1307,96.721859,3.0022,2.44005715942821e+20,0.6543,0.0114,0.16,0.092758,0.10067,10.025084,10.493772,1925.315726,2344.204379,0.522359,0.572922,10.752442,11.85432,51.391698,85.23179,2.869688,3.017842,1.97921793855919e+20,2.61092800396767e+20,0.649399,0.72248,0.010677,0.017618,0.147831,0.166147,4.662138,5.366969
HD145972,disk,1.5812,10.81683,591.245591,0.1817,2.3126,124.110517,3.5287,4.75992379667252e+19,0.5816,0.0317,0.908,0.422175,0.451261,10.383225,11.600366,504.728417,640.689197,0.131889,0.194367,1.9512,2.422374,104.524043,130.958586,3.357645,3.576863,3.81813522793826e+19,6.74022737118214e+19,0.576636,0.600747,0.014938,0.037027,0.901267,0.916141,1.65962,2.401818
HD146606,disk,1.8828,142.003811,1549.111838,0.4649,6.3172,8.696112,2.1321,7.67891747023146e+20,0.9335,0.1819,0.4246,0.369365,0.388093,129.003209,144.376421,1394.077913,1607.304351,0.426828,0.478082,6.164905,6.600475,8.099119,8.932565,2.098287,2.170383,6.07854777887864e+20,8.7912884826681e+20,0.904097,0.937846,0.178088,0.19911,0.417839,0.451212,1.975174,2.767133
HD146897,disk,6.3482,1590.742924,836.520214,2.6491,2.3092,27.085571,2.1495,2.87144167979082e+21,0.8303,0.0773,0.606,0.038836,0.041618,1528.010614,1632.161023,413.374212,702.994621,2.608227,2.891947,2.183867,2.467634,25.467061,29.102954,2.069685,2.175066,2.31644203459394e+21,2.93122654428452e+21,0.800261,0.830457,0.072859,0.112458,0.641838,0.664618,6.45077,7.315927
HD147010,disk,0.9089,791.589455,1178.141366,0.6769,7.7874,7509.371426,4.1975,3.19447872420869e+22,0.4497,0.1675,0.1266,0.600088,0.631561,720.370008,877.964511,751.422035,1540.128731,0.455226,0.945811,6.90882,8.480708,6676.236274,8191.206116,4.016163,4.411863,1.50146616810094e+22,4.9830025941132e+22,0.395013,0.498386,0.142411,0.235696,0.092341,0.181944,0.987394,1.679005
HD147137,disk,1.9734,120.392657,59.874836,-0.7547,5.8477,9.451263,3.9803,1.34989503505597e+19,0.4363,0.3785,0.3882,0.341896,0.370904,102.841812,121.170897,52.347767,61.425963,-1.007028,-0.87875,5.407966,5.749543,9.734949,12.26322,4.034332,4.14317,1.1580994604922e+19,1.42963906685129e+19,0.426181,0.44837,0.378624,0.472108,0.350902,0.388805,2.070166,2.911275
HD147594,disk,2.2652,21.552616,5894.689057,0.3762,5.9662,6.481878,3.9994,7.75353943359601e+20,0.1296,0.2213,0.7771,0.295678,0.320552,18.423277,23.676801,5102.701203,6492.965662,0.33989,0.402287,5.758843,6.261422,6.069781,6.81093,4.144229,4.261346,5.79467584035608e+20,9.7486166730912e+20,0.100847,0.127479,0.121174,0.220685,0.767528,0.792607,2.349169,3.118941
HD151109,disk,2.8126,247.400174,128.433974,-0.1203,9.9857,10.813054,3.0041,1.45512398732424e+20,0.4786,0.1298,0.6607,0.231746,0.243801,236.761917,268.804175,121.391748,148.218531,-0.144559,-0.086743,9.703192,10.395714,10.485352,11.409987,2.976438,3.02515,1.25468620811313e+20,1.93706330544963e+20,0.465405,0.486396,0.040486,0.143404,0.652877,0.667003,2.874186,3.444867
HD15745,disk,2.6972,1765.631222,2138.159508,3.2047,6.0371,6.675364,3.4917,5.67675302429824e+20,0.7719,0.0026,0.2309,0.239741,0.258281,1736.423507,1796.614154,2069.71197,2195.294838,3.188779,3.394951,5.878852,6.059618,6.819168,7.185217,3.464897,3.500424,5.24135673520252e+20,5.81024753173591e+20,0.771058,0.781294,0.00013,0.002696,0.228142,0.235662,2.767865,3.362511
HD157728,disk,17.2668,61.858588,164.18559,-1.4876,19.5565,537.649958,2.6389,3.92916258613057e+22,0.4239,0.0858,0.0002,0.000167,0.000177,56.192405,62.50293,162.640732,174.750294,-1.516955,-1.451248,18.995428,19.343427,524.257909,571.411658,2.490033,2.607339,3.75632036056135e+22,4.44198323255606e+22,0.42937,0.447369,0.098332,0.119309,0.000159,0.004422,17.340781,17.947223
HD159492,disk,15.8076,27.014691,113.555613,-0.7109,14.5252,20.978227,5.1575,1.30617088813184e+20,0.197,0.0009,0.0136,0.000351,0.000367,26.313842,29.606975,106.068881,115.263548,-0.729218,-0.697614,14.469933,14.783344,20.369254,23.695314,5.146104,5.186958,1.27005019791692e+20,1.40904952309809e+20,0.19293,0.200456,0.000176,0.002463,0.010514,0.01871,15.883868,16.525663
HD164029,disk,3.9742,15.638677,1.235624,4.4257,6.2957,348.963335,4.9487,1.2433688991553e+18,0.9665,0.8792,0.2887,0.12878,0.136395,14.830893,16.338591,1.186615,1.410938,4.442702,4.549726,5.745244,6.485763,319.242693,374.437312,4.760659,4.924145,1.21324434084075e+18,1.63707576370045e+18,0.958432,0.979484,0.872301,0.921942,0.27131,0.303342,4.038248,4.586089
HD169022,disk,11.7168,65.962939,144.091975,0.7455,8.3245,8.734695,4.8249,3.13906276913766e+19,0.2371,0.937,0.0841,0.002528,0.002841,62.75539,70.873682,128.107986,143.926968,0.705001,0.776465,8.315316,8.376365,8.743101,8.940142,4.899047,4.974882,2.67318311681161e+19,3.43571314714286e+19,0.255545,0.272743,0.911433,0.937934,0.11356,0.141611,11.784013,12.429465
HD169666,disk,3.0339,91.411324,227.842488,0.3501,2.9611,9.64424,3.0073,1.65386478477132e+20,0.8089,0.2458,0.1085,0.188763,0.213295,90.214495,100.653931,135.133941,161.57769,0.338447,0.391817,3.06125,3.301627,8.082529,9.226682,2.841567,2.923979,7.25883844445687e+19,9.73970566731436e+19,0.827448,0.856083,0.245363,0.273977,0.117811,0.149671,3.10063,3.824683
HD172555,disk,13.8727,76.983916,143.046571,0.5159,1.0009,94.547239,3.334,1.01134655629712e+21,0.2631,0.0043,0.6826,0.000865,0.000955,75.400382,79.644994,131.65529,148.006633,0.4965,0.526672,0.991143,1.016359,92.066134,98.339642,3.324646,3.352001,9.20905565672415e+20,1.06366415254771e+21,0.260862,0.265901,0.002066,0.005496,0.67885,0.699538,13.954401,14.638675
HD17848,disk,10.8397,56.234133,2917.88929,0.014,7.9693,105.140406,5.2378,8.85727237257773e+21,0.0695,0.9961,0.0056,0.003936,0.004405,38.917534,53.100291,2571.828758,3360.68082,-0.037356,0.029647,7.655491,8.077077,73.881497,92.291844,4.516415,4.937156,5.87797889254132e+21,1.10290093201264e+22,0.151225,0.224252,0.994974,0.999797,0.000323,0.009304,10.945362,11.863802
HD181327,disk,9.9488,2235.115653,10.701152,3.365,6.0858,6.512075,4.2794,1.361758202783e+21,0.7647,0.0841,0.0336,0.006581,0.006877,2196.707801,2263.886291,9.3217,10.596414,3.286721,3.358306,5.9848,6.159185,6.305981,6.583239,4.222219,4.270708,1.23745195404738e+21,1.38261818051699e+21,0.758913,0.766087,0.079902,0.085808,0.027138,0.035414,10.025811,10.670804
HD182919,disk,3.0407,281.968114,430.767996,0.6686,7.5783,17.689812,3.3449,3.09243087044157e+20,0.2787,0.3229,0.0243,0.118769,0.217521,269.354206,296.263663,410.374909,450.973007,0.648764,0.688224,7.403414,7.733674,16.923153,18.470382,3.317782,3.368266,2.76486581528436e+20,3.47050590921534e+20,0.273876,0.283998,0.316876,0.328293,0.020515,0.027925,3.120162,4.501561
HD184930,disk,3.294,281.57883,2.512114,-3.3186,13.4236,35.294048,4.2369,2.71144000868831e+17,0.9998,0.7808,0.6263,0.178242,0.191646,236.513307,311.653189,2.304892,3.035637,-3.324175,-3.161308,13.213549,14.100761,34.036281,42.184269,4.169394,4.305605,2.27638492074849e+17,3.41960902256183e+17,0.946421,0.999416,0.740999,0.798193,0.619919,0.671877,3.358443,4.005366
HD191089,disk,3.5015,1381.974406,13.881847,2.0963,6.5384,7.003377,2.3195,5.68983929152866e+20,0.1711,0.1278,0.397,0.164939,0.172758,1367.448642,1436.005854,13.712274,15.343392,2.047322,2.112397,6.50349,6.728216,6.835106,7.185021,2.225986,2.36816,5.53935457300574e+20,6.55948765514302e+20,0.176906,0.207763,0.117656,0.131559,0.393822,0.409252,3.584088,4.280701
HD191174,disk,0.4078,53.56733,1599.72236,0.5783,3.8633,11.362537,4.8415,9.05107159027522e+19,0.7872,0.1222,0.1612,0.762718,0.811387,45.783975,56.627401,1125.594358,1705.78117,0.542161,0.609123,3.669745,4.102547,10.007763,12.871995,4.702175,4.842439,4.79684180997276e+19,1.04934576784123e+20,0.788105,0.824835,0.117142,0.147262,0.148626,0.17279,0.487721,1.226713
HD221853,disk,3.954,3194.478724,40522.770182,2.8385,2.5161,34.144792,2.8967,3.64166506573213e+21,0.6184,0.0032,0.874,0.126623,0.137778,2848.551834,3290.048555,37787.679727,41923.885525,2.796104,2.848769,2.443197,2.608288,32.862454,38.49705,2.879085,2.913032,3.38517870191047e+21,3.93897946478797e+21,0.604278,0.62158,0.001816,0.007624,0.869313,0.892874,4.032191,4.693265
HD23267,disk,1.3084,793.231587,33.032893,1.6153,6.9368,362.941104,3.4515,1.28943661995987e+20,0.2542,0.1981,0.332,0.488042,0.517208,770.067781,852.411203,29.244438,36.124447,1.748986,1.880029,6.275054,7.028065,339.732598,411.640195,3.434294,3.527059,9.46683592807169e+19,1.36356615125887e+20,0.232245,0.258255,0.213042,0.238726,0.3191,0.33909,1.384227,2.049341
HD24141,disk,2.7692,144.444164,269.554157,0.6731,4.4156,1081.110168,5.1721,4.71628455299838e+19,0.1739,0.0001,0.2569,0.235314,0.249147,134.450033,156.72933,223.797323,279.308684,0.638429,0.716985,4.188914,4.590003,875.718301,1079.029888,5.09199,5.205576,3.52449024759604e+19,5.18182347127217e+19,0.15918,0.181132,0.000377,0.006565,0.239171,0.264154,2.872796,3.804041
HD24966,disk,8.6157,48.910263,9041.43732,-0.0888,3.6745,1977.16063,4.5335,1.21059813355048e+23,0.0023,0.1446,0.1666,0.012536,0.013394,40.030926,44.884025,6607.016818,7752.127312,-0.096372,-0.074979,3.569898,3.752459,1678.223948,1885.435229,4.529672,4.577707,3.56180304892091e+22,1.21720318000513e+23,0.004726,0.017951,0.142522,0.172181,0.171133,0.184374,8.687686,9.296299
HD3003,disk,3.7442,14.311989,512.041779,0.0451,3.3182,111.276987,3.9798,2.53046304946139e+20,0.4134,0.301,0.1809,0.145227,0.153017,12.463291,15.796759,460.725201,613.205237,0.011391,0.090391,3.147634,3.386192,100.276918,117.761146,3.879621,4.052652,2.11741888197541e+20,3.2191447956505e+20,0.376734,0.449926,0.266877,0.312708,0.167792,0.210604,3.816125,4.419945
HD34324,disk,4.173,1046.887466,1642.580432,1.4675,9.1387,41.174459,3.4244,1.4444416411067e+21,0.5309,0.0323,0.0886,0.117788,0.123488,1037.30063,1155.402627,1725.166733,2186.993296,1.448288,1.60511,9.870871,10.468228,42.460695,55.296378,3.240862,3.391617,1.02490971226648e+21,1.63340416543164e+21,0.535236,0.554053,0.039012,0.059584,0.093148,0.111375,4.252907,4.934817
HD35150,disk,2.2688,49.12471,1619.540043,0.4827,3.6247,3.946273,3.4902,3.11745361303127e+19,0.1713,0.2347,0.5892,0.297824,0.319976,44.132238,55.021122,1006.803288,1529.299926,0.450762,0.529423,2.962178,3.662473,4.350315,5.814433,3.499085,3.617538,1.60214017133154e+19,3.16240892586572e+19,0.15881,0.203101,0.223188,0.259444,0.547141,0.586555,2.34665,3.114277
HD37286,disk,2.5082,23.708277,915.326655,0.2289,3.3404,16.662998,5.0147,9.92887401325043e+19,0.5543,0.0531,0.0685,0.256748,0.28388,22.209526,25.150479,879.521164,953.291336,0.21441,0.242442,3.240971,3.442542,15.898039,17.373664,4.980609,5.04326,9.06756124514998e+19,1.10228312789225e+20,0.55015,0.558621,0.049201,0.058201,0.064275,0.072687,2.57285,3.12072
HD37306,disk,8.5659,38.423772,15280.488155,0.2283,4.6014,4.906989,3.6712,1.72544054887747e+22,0.2409,0.1493,0.2069,0.012382,0.013732,34.873872,39.917112,14712.872027,17275.344794,0.21556,0.243265,4.250225,4.624534,4.817774,5.157252,3.555929,3.611705,1.50620777508655e+22,2.16539832400805e+22,0.235606,0.254532,0.215994,0.243801,0.228801,0.242655,8.623473,9.487552
HD37564,disk,4.1541,10.466464,1865.914443,0.2337,9.4548,4786.824606,2.1309,9.96552080134768e+22,0.1159,0.0015,0.5346,0.115736,0.124661,10.028939,10.938791,996.454552,1420.492453,0.200045,0.26003,8.851087,9.551124,2358.769224,4863.485553,2.189027,2.314393,1.59022574780785e+22,9.47744092208712e+22,0.136059,0.157455,0.000224,0.004908,0.503878,0.52719,4.226165,4.881111
HD38206,disk,5.5643,71.729863,2506.297851,0.227,5.3102,7.860337,3.9572,3.87257644921618e+21,0.5092,0.407,0.4803,0.058434,0.061591,67.988257,74.243764,2050.059527,2229.405953,0.195479,0.221827,5.172961,5.36213,9.631318,10.356839,3.778358,3.904107,2.99576730146819e+21,3.6294426064648e+21,0.487481,0.496255,0.404979,0.413476,0.475924,0.485919,5.620289,6.090323
HD40540,disk,6.3931,185.267824,115.101022,-1.3695,10.6659,49.503914,2.9361,3.18346441755644e+21,0.5261,0.0087,0.1567,0.035241,0.040695,179.515096,193.769535,111.256433,117.8236,-1.388029,-1.358494,10.564766,10.734004,47.626453,51.173357,2.922812,2.948866,2.92849426428937e+21,3.43381681809854e+21,0.521634,0.528727,0.00719,0.010503,0.152156,0.168117,6.482503,7.29325
HD5267,disk,2.7438,69.968087,869.245049,0.7566,5.606,8.019992,3.0394,2.615170448138e+19,0.267,0.2502,0.1705,0.234841,0.252332,53.280504,68.649783,549.667167,782.795573,0.722,0.78863,5.575418,5.855696,7.699267,8.74845,2.991021,3.184272,1.19027286494186e+19,2.24702443748242e+19,0.256094,0.334879,0.20095,0.324683,0.168625,0.201155,2.818662,3.507916
HD53842,disk,1.1848,33.837635,102.173822,-0.6668,25.6351,27.29661,3.937,4.52897579903619e+19,0.3517,0.2796,0.0114,0.512134,0.550183,26.158628,77.503208,74.752611,110.790259,-0.721233,-0.562438,25.14799,26.026663,26.102438,30.456643,3.826651,4.021244,3.87125488859409e+19,5.97857928797852e+19,0.34486,0.375536,0.26699,0.313769,0.000647,0.038028,1.250171,1.890878
HD6798,disk,3.1959,140.152226,232.75472,-0.284,4.585,5.926241,4.9385,3.88776494928e+20,0.9352,0.0021,0.7304,0.191016,0.20128,135.620507,168.938622,218.311002,261.661309,-0.264024,-0.187477,4.424313,4.685507,5.526873,6.241817,4.775605,4.916611,3.84570450116755e+20,5.53051836960474e+20,0.900394,0.944507,0.000348,0.013247,0.675494,0.746856,3.264569,3.862818
HD68420,disk,0.9022,68.770154,930.992786,0.4784,19.8746,170.705958,3.4267,1.34152879826613e+20,0.4634,0.0032,0.1989,0.541047,0.633684,64.165126,86.433528,813.386631,1024.643594,0.437803,0.551177,19.555201,20.746792,156.518013,186.143958,3.347721,3.469509,9.8852556036479e+19,1.7714936181861e+20,0.454395,0.484243,0.00024,0.006033,0.172623,0.205219,0.968804,1.733678
HD69830,disk,101.1882,22.105483,123.510009,1.336,2.203,6.447033,3.128,3.83972392635377e+18,0.5264,0.8075,0.5921,0.0,0.0,21.173267,22.916608,100.459395,128.838231,1.324897,1.357255,2.170176,2.234272,6.294062,6.665384,3.104135,3.176069,3.47551470867684e+18,3.99955693957364e+18,0.519687,0.530738,0.804519,0.810226,0.57825,0.595498,101.251331,101.841328
HD71043,disk,0.7486,83.291369,2765.668446,0.4338,2.9943,160.18197,3.7459,3.29003107524705e+21,0.8146,0.2447,0.2562,0.640504,0.684265,79.418128,92.092169,2446.179245,3253.760814,0.419889,0.471431,2.912298,3.166759,144.252652,165.883598,3.708963,3.806144,2.46716005536421e+21,4.70576124596723e+21,0.79474,0.815608,0.237465,0.264549,0.242049,0.265465,0.825312,1.527043
HD71155,disk,17.2357,59.703529,537.303786,0.0348,5.6867,7.075443,2.1624,5.951137709938e+20,0.6627,0.9053,0.0272,0.000164,0.00018,58.414423,64.423967,501.369919,555.445525,0.012814,0.043548,5.599349,5.838375,6.858679,7.270177,2.141224,2.282465,5.09179378429414e+20,6.50878382085535e+20,0.6588,0.669293,0.901756,0.922832,0.02177,0.064937,17.298174,17.842447
HD74873,disk,1.7749,71.729863,237.902752,0.2598,6.6587,7.159386,2.718,3.69317596047986e+19,0.1087,0.5362,0.2519,0.388517,0.409607,62.685352,75.192544,201.101657,245.058822,0.205404,0.272094,6.447139,6.814643,6.942064,7.433827,2.68583,2.752099,2.53536901186224e+19,3.85172436682616e+19,0.11867,0.140056,0.530956,0.556066,0.228903,0.253925,1.843144,2.482276
HD75416,disk,1.6846,168.500037,38.228288,0.8337,9.1272,24.810302,3.8311,1.2476707679815e+19,0.227,0.1258,0.6054,0.408801,0.428537,164.304254,186.03159,36.612561,39.932956,0.8181,0.899034,8.890358,9.788891,23.972637,27.193776,3.745227,3.852618,1.19991284292465e+19,1.4727059628722e+19,0.220706,0.233163,0.118047,0.129431,0.59296,0.610818,1.734557,2.153956
HD84870,disk,4.6509,40.831939,3281.825509,-0.1529,5.149,77.501905,4.4296,1.13344382297104e+22,0.2765,0.9883,0.3421,0.090624,0.097241,35.495175,43.790546,2834.340827,3530.205725,-0.193979,-0.119204,4.594534,5.196478,71.245013,99.345605,4.189674,4.431142,8.07158337611717e+21,1.42225451141886e+22,0.273369,0.371749,0.905562,0.981469,0.340024,0.458758,4.736406,5.530427
HD86087,disk,8.6691,46.184899,726.780698,-0.2858,5.7421,6.055246,2.2185,6.38704535302587e+20,0.9444,0.44,0.2297,0.011644,0.012993,44.876013,52.798419,678.309856,744.987727,-0.294183,-0.248398,5.727464,5.809653,6.011676,6.211953,2.225851,2.298044,6.05595778612467e+20,7.8566203354207e+20,0.942608,0.958315,0.44738,0.491287,0.226003,0.272503,8.748684,9.448318
HD98363,disk,3.9357,110.255433,157.389809,-0.315,3.226,38.921351,3.9715,3.57931565565038e+20,0.0076,0.1712,0.156,0.132709,0.139045,106.596186,114.853347,147.597657,164.330397,-0.3268,-0.29761,3.149166,3.293805,36.78302,40.788189,3.930805,4.026661,3.22342439126853e+20,3.9501587605896e+20,0.002213,0.00807,0.164115,0.177045,0.150192,0.159044,4.020338,4.732567
ID8,disk,10.1531,16.714754,6242.204096,1.9019,0.9968,90.648997,4.6475,2.37629306192763e+17,0.998,0.2543,0.4448,0.005687,0.00621,15.889477,18.325644,5430.020925,6411.23382,1.844746,1.894232,0.950308,1.081374,85.887815,102.002531,4.613729,4.682213,2.41150073536148e+17,2.94273964545739e+17,0.996189,0.999726,0.255049,0.266748,0.408219,0.433412,10.222478,10.826899
ZetaLep,disk,11.8704,53.592004,233.504428,-0.0185,3.5907,9.097023,2.2299,4.75663689318603e+20,0.6011,0.0078,0.3815,0.002357,0.002589,49.815756,52.71565,239.308749,250.677692,-0.027527,-0.010934,3.545431,3.666983,8.987324,9.412787,2.250899,2.278566,4.70319415835636e+20,5.19122894414133e+20,0.612134,0.61882,0.006035,0.008327,0.388184,0.394206,11.93935,12.501821
