name,chisq,rin,rin_Up_er,rin_down_er,rout,rout_Up_er,rout_down_er,rlaw,rlaw_Up_er,rlaw_down_er,amin,amin_Up_er,amin_down_er,amax,amax_Up_er,amax_down_er,alaw,alaw_Up_er,alaw_down_er,mass,mass_Up_er,mass_down_er,fcryst1,fcryst1_Up_er,fcryst1_down_er,oliv1,oliv1_Up_er,oliv1_down_er,ffost1,ffost_Up_er,ffost_down_er
HD3003,3.7442,0.096460241214544,0.010007083735749,0.0124598932414527,42.7374524363271,8.44358537112529,4.28312669281244,0.0451,0.045291,0.033709,3.3182,0.0679919999999998,0.170566,111.276987,6.48415899999999,11.000069,3.9798,0.0728520000000001,0.100179,0.00344472841920172,0.000937504929537715,0.00056227850567797,0.301,0.011708,0.034123,0.4134,0.036526,0.036666,0.1809,0.029704,0.013108
HD5267,2.7438,0.870755943399753,0.0164063517015647,0.207677709956922,410.266297730012,40.8024256221212,150.834375916634,0.7566,0.03203,0.0346000000000001,5.606,0.249696,0.0305819999999999,8.019992,0.728458,0.320725,3.0394,0.144872,0.0483790000000002,0.000356004090463796,5.01158483855729e-05,0.000193971818728289,0.2502,0.074483,0.04925,0.267,0.067879,0.010906,0.1705,0.030655,0.00187500000000002
HD6798,3.1959,1.31967042630756,0.271052102170523,0.0426705712446982,143.091177013443,17.7709729944632,8.8795991293764,-0.284,0.096523,0.019976,4.585,0.100507,0.160687,5.926241,0.315576,0.399368,4.9385,0.0218890000000007,0.162895000000001,0.00529242836041874,0.00223628611922942,5.72570387732613e-05,0.0021,0.011147,0.001752,0.9352,0.00930699999999995,0.034806,0.7304,0.0164559999999999,0.054906
HD10472,5.0345,0.0751189574469925,0.00037667192162294,0.0174766984137295,304.331533304999,11.6247003166216,144.615806971017,-0.2424,0.017785,0.032999,5.5585,0.361681999999999,0.107455000000001,131.410799,18.452656,13.963368,3.6047,0.108905,0.020162,1.87695987281185,0.0349407207213956,1.28592908350532,0.7398,0.016313,0.085263,0.3416,0.00500099999999998,0.015508,0.0016,0.005085,0.001386
HD10638,3.3713,0.320043469049002,0.0618418963199427,0.000102732739842903,1827.67792415554,421.687030578645,861.132784806743,-0.2951,0.013713,0.036181,4.2973,0.199964,0.17379,250.0,250.0,50.0,5.4103,0.010834,0.111771,2.18602431373284,0.63311122276459,1.47993166516991,0.4421,0.01268,0.010423,0.386,0.011185,0.00594500000000003,0.3312,0.025731,0.00458599999999998
BD+20307,5.6183,0.231170340816568,0.00704058630687371,0.00680235986847311,84.1162327810978,4.32489399080721,1.93591463173078,3.6468,0.042783,0.027984,0.3466,0.014708,0.027635,21.57243,1.151063,3.007126,3.2296,0.0209899999999998,0.0357560000000001,0.000113228300290322,6.2520024963815e-06,7.36978448823112e-06,0.0497,0.004013,0.003727,0.7918,0.00424500000000005,0.00349499999999991,0.609,0.002888,0.014088
HD15745,2.6972,5.38158990759613,0.0944350281538799,0.0890242210884189,3543.90268542705,94.6992255078103,113.44869866887,3.2047,0.190251,0.0159210000000001,6.0371,0.0225180000000007,0.158248,6.675364,0.509853,0.143804,3.4917,0.0087240000000004,0.0268029999999997,0.0077277842392331,0.000181726551460911,0.000592706528942281,0.0026,9.60000000000002e-05,0.00247,0.7719,0.00939400000000001,0.000842000000000009,0.2309,0.00476200000000002,0.00275799999999998
HD17848,10.8397,0.386785491346234,0.0215549623174854,0.119105761845047,644.912708760599,97.8659080751313,76.4863957834582,0.014,0.015647,0.051356,7.9693,0.107777,0.313809,105.140406,12.848562,31.258909,5.2378,0.300644,0.721385,0.120574366280207,0.0295639329088154,0.0405572289309194,0.9961,0.00369700000000006,0.00112599999999996,0.0695,0.154752,0.081725,0.0056,0.003704,0.005277
HD23267,1.3084,7.10326313707545,0.529944081512075,0.207428211345507,80.9275474845369,7.57402275168603,9.28136605853842,1.6153,0.264729,0.133686,6.9368,0.0912649999999999,0.661746,250.0,250.0,50.0,3.4515,0.0755590000000002,0.0172059999999998,0.00175531469249496,0.000100912796660722,0.000466590924396876,0.1981,0.040626,0.014942,0.2542,0.00405500000000003,0.021955,0.332,0.00708999999999999,0.0129
HD24141,2.7692,0.753281007730889,0.0640675397908167,0.0521197178383375,94.0177001686783,3.40227806159665,15.9595101316875,0.6731,0.043885,0.034671,4.4156,0.174403,0.226686000000001,250.0,250.0,50.0,5.1721,0.0334759999999994,0.0801100000000003,0.000642029506663361,6.33739798082998e-05,0.000162239385970724,0.0001,0.006465,0.000277,0.1739,0.00723199999999999,0.01472,0.2569,0.00725399999999998,0.017729
HD24966,8.6157,0.328464899086973,0.0270388621375872,0.0596306450379182,1757.89913592476,250.676620186131,473.316967809641,-0.0888,0.013821,0.007572,3.6745,0.0779589999999999,0.104602,250.0,250.0,50.0,4.5335,0.0442070000000001,0.00382800000000039,1.64799157836409,0.00899147341326478,1.16312205265303,0.1446,0.027581,0.002078,0.0023,0.015651,0.002426,0.1666,0.017774,0.00453300000000001
HD32297,4.8787,0.214585225012445,0.0299716034063752,0.00895916403488353,95.007107060864,4.35829768899437,1.28420470840128,-0.7615,0.0466099999999999,0.011783,2.8655,0.0577730000000001,0.072727,41.776871,5.377839,8.657038,2.532,0.0589019999999998,0.0108800000000002,1.19084431582418,0.0303157211450686,0.213972103839875,0.351,0.022008,0.012137,0.4815,0.022616,0.000719999999999998,0.1697,0.027973,0.003496
1RXSJ051111.1+281353,1.9296,0.0322368067902424,0.00169978170303298,0.0003524611177603,288.22850414396,5.32187839524056,96.8785279363476,3.5522,0.116004,0.375788,0.8178,0.149231,0.00119000000000002,250.0,250.0,50.0,4.1042,0.0134190000000007,0.119923,4.36872781830467e-07,1.07357565419797e-07,3.92752304363657e-09,0.1189,0.012309,0.027219,0.7885,0.025423,0.0132869999999999,0.6126,0.050209,0.011806
HD34324,4.173,6.65320328286281,0.689638045017522,0.0609264804661125,3618.80245103205,1199.40708426544,181.947564124197,1.4675,0.13761,0.019212,9.1387,1.329528,0.732170999999999,41.174459,14.121919,1.286236,3.4244,0.0327829999999998,0.183538,0.0196632358336855,0.00257235361664248,0.0057111031846366,0.0323,0.027284,0.006712,0.5309,0.023153,0.00433600000000001,0.0886,0.022775,0.004548
HD35150,2.2688,0.256525464522337,0.0307906108212157,0.0260703055328929,245.641377603558,13.6870383358507,92.9359550306182,0.4827,0.046723,0.031938,3.6247,0.0377730000000001,0.662522,3.946273,1.86816,0.404042,3.4902,0.127338,0.00888499999999981,0.000424380077734691,6.11978284954193e-06,0.000206280161954251,0.2347,0.024744,0.011512,0.1713,0.031801,0.01249,0.5892,0.0026449999999999,0.042059
HD37286,2.5082,0.116780171284869,0.00710387332607007,0.00738241747780188,77.7452935600464,3.22461413434805,3.04121855694959,0.2289,0.013542,0.01449,3.3404,0.102142,0.0994289999999998,16.662998,0.710666,0.764959000000001,5.0147,0.0285599999999997,0.0340910000000001,0.00135162117824234,0.000148920794684391,0.000117250815842912,0.0531,0.005101,0.003899,0.5543,0.00432100000000002,0.00414999999999999,0.0685,0.004187,0.00422500000000001
HD37306,8.5659,0.236991692777849,0.00921068276411996,0.0218952165912313,2285.33936770901,298.349395896141,84.8922802666152,0.2283,0.014965,0.01274,4.6014,0.0231339999999998,0.351175,4.906989,0.250262999999999,0.0892150000000003,3.6712,0.0594949999999996,0.115271,0.234884840370475,0.0598916096231339,0.0298442360760315,0.1493,0.094501,0.066694,0.2409,0.013632,0.00529399999999999,0.2069,0.035755,0.021901
HD37564,4.1541,0.12887823930111,0.00581597301002285,0.00538744046224381,235.806797286241,56.2906478894563,109.878860220363,0.2337,0.02633,0.033655,9.4548,0.0963239999999992,0.603713000000001,250.0,250.0,50.0,2.1309,0.183493,0.0581269999999998,1.35660991864138,0.0664424889068145,1.14013191760572,0.0015,0.003408,0.001276,0.1159,0.041555,0.020159,0.5346,0.00740999999999992,0.0307219999999999
HD38206,5.5643,0.592802406408368,0.0207758177688475,0.0309220309068761,800.635553247552,88.4529737184038,145.745096817894,0.227,0.00517300000000001,0.031521,5.3102,0.0519299999999996,0.137239,7.860337,2.496502,1.770981,3.9572,0.0530929999999992,0.178842,0.0527175220084153,0.00330978971605086,0.0119360343558718,0.407,0.00647600000000004,0.002021,0.5092,0.012945,0.021719,0.4803,0.00561899999999999,0.00437599999999999
ZetaLep,11.8704,0.383046331250311,0.00626369905063706,0.0269905552009461,51.7280750801276,3.80438134373561,1.28582723269454,-0.0185,0.007566,0.009027,3.5907,0.0762830000000001,0.0452689999999998,9.097023,0.315764,0.109699000000001,2.2299,0.0486659999999999,0.0209989999999998,0.00647522685196644,0.000591611716679099,7.27517864790835e-05,0.0078,0.000527,0.001765,0.6011,0.0177200000000001,0.011034,0.3815,0.012706,0.00668399999999997
BetaPic,26.2341,0.166625914978693,0.00424520587861141,0.00669168424781802,146.598270216279,4.74563480007245,3.38237464438907,0.0038,0.007831,0.008124,5.6891,0.0544919999999998,0.0772459999999997,250.0,250.0,50.0,5.3681,0.0231449999999995,0.0165600000000001,4.30184727596069,0.0118131521068356,0.136872270548429,0.9994,0.000449000000000033,0.00196599999999991,0.6495,0.005104,0.00355099999999997,0.0025,0.002175,0.00119
HD40540,6.3931,0.841216446482798,0.0386023809317463,0.0261205065254184,42.695507841995,1.0099115397033,1.4261096638981,-1.3695,0.0110059999999998,0.018529,10.6659,0.0681039999999999,0.101134,49.503914,1.669443,1.877461,2.9361,0.0127660000000001,0.0132880000000002,0.0433366152215037,0.00340805620199159,0.00347091783535128,0.0087,0.001803,0.00151,0.5261,0.00262699999999993,0.00446599999999997,0.1567,0.011417,0.00454399999999999
HD53842,1.1848,0.092123984036447,0.11888084229274,0.0209063286569456,6.15447857844893,0.519014321878405,1.65172695306072,-0.6668,0.104362,0.0544330000000001,25.6351,0.391562999999998,0.487110000000001,27.29661,3.160033,1.194172,3.937,0.0842440000000004,0.110349,0.000616531098849181,0.000197335042532885,8.95357832862004e-05,0.2796,0.034169,0.01261,0.3517,0.023836,0.00684000000000001,0.0114,0.026628,0.010753
ID8,10.1531,0.0240956007535511,0.00232222157130688,0.00118970013576559,122.974130523859,3.32995894109064,16.0003610493667,1.9019,0.00766800000000001,0.0571539999999999,0.9968,0.084574,0.046492,90.648997,11.353534,4.76118199999999,4.6475,0.034713,0.0337709999999998,3.23485626257862e-06,7.7110576448054e-07,4.79283320407985e-08,0.2543,0.012448,0.000749,0.998,0.00172600000000001,0.00181100000000001,0.4448,0.011388,0.036581
HD68420,0.9022,0.452764265192089,0.116290921057455,0.0303182703154772,229.411268841149,23.0770324049308,28.9800067710501,0.4784,0.072777,0.040597,19.8746,0.872191999999998,0.319399000000001,170.705958,15.438,14.187945,3.4267,0.0428090000000001,0.0789789999999999,0.00182622796153791,0.000585312650485264,0.000480544573028955,0.0032,0.002833,0.00296,0.4634,0.020843,0.00900499999999999,0.1989,0.00631900000000002,0.026277
HD69830,101.1882,0.0265082369003793,0.000972676944259492,0.00111788566530413,2.4351302024789,0.105051521109618,0.454467186842184,1.336,0.021255,0.0111030000000001,2.203,0.031272,0.0328239999999997,6.447033,0.218351,0.152971,3.128,0.0480689999999999,0.0238650000000002,5.22702994371523e-05,2.17581253787651e-06,4.95799313463197e-06,0.8075,0.00272600000000001,0.00298100000000001,0.5264,0.00433800000000006,0.00671299999999997,0.5921,0.00339800000000001,0.0138499999999999
HD71043,0.7486,0.622847954827033,0.0658118643822717,0.0289638682178729,896.902496629567,158.287687766113,103.609911172659,0.4338,0.037631,0.013911,2.9943,0.172459,0.0820020000000001,160.18197,5.701628,15.929318,3.7459,0.0602440000000004,0.036937,0.0447873109523278,0.019272385558205,0.0112017726879326,0.2447,0.019849,0.00723499999999999,0.8146,0.00100800000000001,0.01986,0.2562,0.00926500000000002,0.014151
HD71155,17.2357,0.599989791391746,0.0474379765875761,0.012954852970615,181.518460599699,6.12886158945008,12.1396133643368,0.0348,0.00874800000000001,0.021986,5.6867,0.151675,0.087351,7.075443,0.194734,0.216764,2.1624,0.120065,0.0211760000000001,0.00810130509527492,0.000759125649569623,0.00116982796613602,0.9053,0.017532,0.00354399999999999,0.6627,0.00659300000000007,0.0038999999999999,0.0272,0.037737,0.00543
HD75416,1.6846,2.74333378761399,0.285429620969433,0.0683111616728982,47.1000422555064,2.10027545129955,1.99069364480467,0.8337,0.065334,0.0155999999999999,9.1272,0.661690999999999,0.236841999999999,24.810302,2.383474,0.837665000000001,3.8311,0.0215179999999999,0.0858730000000003,0.000169845868849494,3.06341217401135e-05,6.50130345592097e-06,0.1258,0.003631,0.007753,0.227,0.006163,0.00629399999999999,0.6054,0.00541799999999992,0.01244
HD74873,1.7749,0.476312086781685,0.0229934471360875,0.0600588057491466,61.0637259111321,1.83678538145232,9.44592678906687,0.2598,0.012294,0.054396,6.6587,0.155943000000001,0.211561,7.159386,0.274441,0.217321999999999,2.718,0.0340989999999999,0.0321699999999998,0.000502753367249739,2.15832513846227e-05,0.00015761267490949,0.5362,0.0198659999999999,0.00524400000000003,0.1087,0.031356,0.00996999999999999,0.2519,0.002025,0.022997
HD84870,4.6509,0.21665014639059,0.015698070073582,0.0283163310430109,441.345732608136,33.4026133002086,60.1785360820073,-0.1529,0.033696,0.041079,5.149,0.0474779999999999,0.554466,77.501905,21.8437,6.25689199999999,4.4296,0.0015420000000006,0.239926,0.154296113882716,0.0393159025371731,0.0444173600728737,0.9883,0.00683099999999992,0.082738,0.2765,0.095249,0.00313100000000005,0.3421,0.116658,0.00207600000000002
HD86087,8.6691,0.550254969306579,0.078794634683697,0.0155942968665107,240.261154159683,6.01892952495388,16.023623734173,-0.2858,0.037402,0.00838299999999997,5.7421,0.0675530000000002,0.0146359999999994,6.055246,0.156707,0.0435700000000008,2.2185,0.0795439999999998,0.00735099999999988,0.00869470773223958,0.00200053769094982,0.000450710691543841,0.44,0.051287,0.00738,0.9444,0.013915,0.00179200000000002,0.2297,0.042803,0.00369699999999998
HD98363,3.9357,0.616929369800622,0.0257274232138517,0.0204751537790868,47.5413218364559,2.09648089630914,2.95782714688659,-0.315,0.01739,0.0118,3.226,0.0678049999999999,0.0768339999999998,38.921351,1.866838,2.138331,3.9715,0.055161,0.0406949999999999,0.00487253523142213,0.000504830047971277,0.000484476053828461,0.1712,0.00584500000000002,0.00708499999999998,0.0076,0.000470000000000001,0.005387,0.156,0.00304399999999999,0.00580800000000001
HD104231,2.5577,0.0645594618581172,0.00405461109777316,0.00418348947316091,5.47740477370014,0.264715134695392,0.815590977702458,0.3273,0.082056,0.024224,6.3228,0.481243,0.136243,250.0,250.0,50.0,2.37,0.0848739999999997,0.0205700000000002,0.000886043385889287,0.000110442957526747,0.000110678974255417,0.003,0.000707,0.000892,0.8441,0.0269130000000001,0.00657799999999997,0.3657,0.00434899999999999,0.006214
HD104600,7.1723,3.488556108208,0.145281262905749,0.220041222119186,114.82255370992,9.04762971012191,1.60830536979799,0.0094,0.028548,0.037464,6.3842,0.0712070000000002,0.210474,14.755652,1.081564,0.201915999999999,4.7444,0.0338630000000002,0.126786,0.00159094434776123,0.000171902756792401,7.21266755439088e-05,0.289,0.00822000000000001,0.000865999999999978,0.7481,0.00299800000000006,0.01507,0.1642,0.003522,0.00731800000000002
EfCha,57.1471,0.0658996736881022,0.00799939218298445,0.00539244930661695,463.486933760578,68.7939235149947,25.054024542385,2.2057,0.0886669999999996,0.110844,3.1193,0.11833,0.0873179999999998,3.3059,0.131056,0.137442,2.0694,0.0674130000000002,0.0976949999999999,1.71970909460701e-05,2.84055241388747e-06,1.51524227076369e-06,0.3166,0.021964,0.028536,0.403,0.036631,0.027176,0.9985,0.000543000000000071,0.0314350000000001
HD105613,2.0395,0.505202375395693,0.0678856137084719,0.00147481457436593,106.612825066172,14.5588490200269,1.84655545305732,0.7536,0.0527829999999999,0.001583,3.8954,0.0696680000000001,0.212615,250.0,250.0,50.0,4.2538,0.039193,0.0174640000000004,0.000452329578691617,0.000102082156953198,9.00144468048711e-06,0.0056,0.004087,0.00054,0.3105,0.032231,0.016423,0.4116,0.00264300000000001,0.01735
HD105850,7.5555,0.296287631634951,0.0297080199157807,0.020444621494513,80.5658956702451,4.05003648650957,3.53135544676186,0.2977,0.027515,0.01872,9.7783,0.187998,0.214834999999999,10.486258,0.239916000000001,0.280966999999999,3.3261,0.0312960000000002,0.0772879999999998,0.00141076601155888,0.000229504556677984,0.000140435505199287,0.833,0.00692800000000005,0.00567999999999991,0.18,0.004776,0.0038,0.0012,0.003008,0.000933
HD105857,2.0817,0.0948038916652277,0.0072401445960552,0.00322842651310293,14.016779915444,0.399699255640851,1.08246512350142,-0.4917,0.020884,0.039702,2.2098,0.126752,0.137909,66.833337,3.980568,4.926893,3.2001,0.0813280000000001,0.042764,0.00029624770051127,2.9472447532026e-05,3.44312924742128e-05,0.2635,0.00887199999999999,0.04685,0.4274,0.00772899999999999,0.035009,0.1948,0.00716900000000001,0.015504
HD106036,4.1133,0.743724080500263,0.0488386768500598,0.0248761314015473,64.1109277016952,5.74570971141435,4.80476330024428,0.3145,0.053315,0.00187799999999999,3.1189,0.12274,0.0488330000000001,34.497276,7.62199,2.856931,3.8693,0.107908,0.023558,0.00232410094897309,0.00039952016571723,0.000460681923295321,0.3175,0.02382,0.014612,0.8384,0.035401,0.01037,0.1228,0.00966399999999999,0.00626500000000001
HD106389,2.1118,0.105441355825875,0.0118745955629022,0.0221648713964092,1970.41537775047,433.896130841621,791.217384882107,1.658,0.0306000000000002,0.295627,3.1052,0.123195,0.247358,171.876832,32.765609,29.494705,4.8054,0.0902660000000006,0.0559709999999995,3.0679974055541e-05,0.000193415999375111,6.05164217447202e-06,0.3096,0.017941,0.014779,0.5206,0.002745,0.037202,0.2839,0.000311999999999979,0.036158
HD106797,12.848,0.26961972633859,0.00544831712466615,0.00622939515122356,39.9511424135085,0.917020882463916,0.814456333633593,-0.3591,0.011599,0.011135,4.7901,0.0354270000000003,0.00315500000000046,12.06672,0.346848,0.3164,3.3769,0.0179,0.0190600000000001,0.000825191960204596,2.87111473932723e-05,3.29623406224507e-05,0.0275,0.00247,0.002235,0.9,0.00343099999999996,0.00363999999999998,0.3417,0.00462899999999999,0.004083
HD106906,3.3959,0.579139483175105,0.123826749884827,0.0561519552942191,8.01558739422108,0.784525007447361,0.470210167493986,-3.2466,0.0522909999999999,0.0145680000000001,9.0432,1.077097,0.510705999999999,250.0,250.0,50.0,4.1588,0.0287540000000002,0.153154000000001,0.0217748407766873,0.0158252122995259,0.00227657971645707,0.0063,0.011914,0.002328,0.4363,0.00638,0.010231,0.0901,0.003318,0.00965099999999999
HD107301,4.7803,1.54382365419613,0.0673413331580794,0.0226980371589407,45.8127409081387,0.83147155392691,0.928947338234195,-1.498,0.0166040000000001,0.0166839999999999,22.1936,0.0908370000000005,0.274239000000001,250.0,250.0,50.0,4.2582,0.0112379999999996,0.0312060000000001,0.00887472670651744,0.000921789133619611,0.000221868610343103,0.0022,0.002791,0.001294,0.9281,0.00900299999999998,0.00234900000000005,0.129,0.00225400000000001,0.007482
HD107947,2.7033,0.381071081089409,0.274410937158013,0.143047646660134,32.1248748364944,2.45101538276874,7.11144100227085,-0.1425,0.079656,0.022952,8.4157,2.142913,1.396788,250.0,250.0,50.0,4.3451,0.0301210000000003,0.143978000000001,0.000839372986103107,0.000779758914859172,0.00035554608305936,0.0702,0.029381,0.045939,0.6937,0.000674000000000063,0.019602,0.1034,0.000413000000000011,0.016195
HD108857,4.2882,0.410888636925468,0.0121942519132795,0.00824892929663468,129.317024171691,15.175906474771,6.26759657540235,1.0208,0.076919,0.019952,2.1924,0.125915,0.066484,250.0,250.0,50.0,3.2866,0.168288,0.023533,0.0187436854735425,0.00182020992248697,0.00213499256144911,0.1388,0.00419799999999998,0.012062,0.0203,0.023645,0.004451,0.0979,0.017441,0.003653
HD108904,0.2351,0.736875167466834,0.78516170430824,0.119412552590712,158.548924700583,10.4086616695296,92.9860543231111,0.4896,1.61551,0.095315,1.6525,0.724991,0.120478,8.358586,3.813231,0.354302000000001,4.4804,0.333511,0.0832509999999997,0.00538709938781309,0.000379394380379654,0.00528263487564005,0.1333,0.105186,0.038286,0.6608,0.030156,0.017684,0.5209,0.066947,0.012188
HD109573,39.658,20.5398819238482,0.12601069731009,0.100385286123746,1094.07928752915,31.8291298823005,16.3451707260181,1.4051,0.0216829999999999,0.023631,3.9101,0.038033,0.04895,30.400618,0.511248999999999,0.491733,3.5807,0.0236639999999997,0.0104220000000002,1.66017927505097,0.0816616092240161,0.0631237568163876,0.1664,0.004799,0.004605,0.1965,0.00412099999999999,0.024852,0.1972,0.00207500000000002,0.00187899999999999
HD109704,3.6732,0.280656465279669,0.0177616206753431,0.0381493501883756,2807.57415871129,542.090824903943,57.8324102884199,0.3298,0.015124,0.021108,4.8995,0.214822,0.0541099999999997,6.327677,0.37029,0.398648000000001,3.2063,0.0690439999999999,0.0121900000000004,0.202187819215699,0.125958213589008,0.0385069449787745,0.3398,0.044768,0.00484999999999997,0.024,0.012683,0.002841,0.0073,0.00527,0.006779
HD109832,2.2941,0.143566204956894,0.0155861830535158,0.00356660414024332,15.2677232374624,0.244780017181311,1.34355533845373,-0.7049,0.043814,0.00567300000000004,6.1009,0.199497,0.1402,7.274218,0.516545,0.0453210000000004,4.2887,0.0149039999999996,0.0529070000000003,0.000975113093444012,0.000184626501250919,2.11162818833866e-05,0.005,0.000456,0.004792,0.1169,0.00637,0.00950100000000001,0.3409,0.00813600000000003,0.00529799999999997
HD110058,7.7801,0.358609105029485,0.00256472450023931,0.0262739321154473,32.0109384636302,0.365893827856382,1.14876223768087,-0.9778,0.0290170000000001,0.067491,3.8242,0.101689,0.018332,40.155094,1.344341,0.768879999999996,4.9171,0.107398000000001,0.0684190000000005,0.0109939811504237,8.58122351738242e-05,0.00149256773625776,0.0573,0.012517,0.00573000000000001,0.0613,0.007622,7.90000000000027e-05,0.1651,0.000726000000000005,0.012565
HD110411,6.8389,0.344980354162555,0.0324217224334202,0.00649739642722824,859.398040118709,35.9188773734955,111.71402531381,-0.0566,0.009411,0.0169,5.4229,0.260197,0.0607249999999997,76.472464,3.513651,1.305902,5.272,0.0652840000000001,0.00894700000000004,0.500097850651798,0.0725815949562668,0.0612770871324262,0.4756,0.0304059999999999,0.011978,0.0108,0.002315,0.002401,0.2455,0.00976199999999999,0.000226000000000004
HD111520,1.8184,0.151329669392292,0.0233954697087779,0.0130006436643506,8.08010947467721,0.236048258540084,0.723858586522465,-1.8287,0.070481,0.219441,5.5735,0.502649,0.311301,32.941169,0.428742999999997,8.453596,4.7574,0.00468700000000055,0.110713,0.00233913338832042,0.000504116054350753,0.000635743620069454,0.2091,0.00798000000000001,0.053724,0.9795,0.00805899999999993,0.014194,0.1823,0.027671,0.003666
HD112383,5.8419,0.754945152593829,0.189472640679883,0.0468897299476514,11.7598338979901,0.282042708589058,1.4236585423109,-1.079,0.0262659999999999,0.0460100000000001,18.5448,1.620317,0.411660000000001,250.0,250.0,50.0,3.8227,0.231332,0.406639,0.00092099015547026,0.000810647383553536,0.000322282000356214,0.0196,0.005923,0.012022,0.9807,0.012292,0.00124500000000005,0.0017,0.011865,0.001395
HD113457,1.075,1.62917079661649,0.0352814163426893,0.0886456686316501,105.622473871353,10.532417220124,22.2483315721796,0.7395,0.00421299999999991,0.050938,3.6732,0.124622,0.0715650000000001,19.924761,1.991571,4.047661,3.8173,0.102937,0.0542220000000002,0.00118319135552738,0.000172195704038092,0.000398417075611748,0.095,0.003861,0.01392,0.0223,0.002629,0.004046,0.224,0.000340000000000007,0.010212
HD113556,2.7531,0.11837195328236,0.00893367864375506,0.0157800126746973,551.022993107304,28.493176802127,204.991012097977,-0.0971,0.046071,0.027332,4.8451,0.251697999999999,0.263503,5.640473,0.564255,0.477729,4.3453,0.133827,0.0378590000000001,0.249605981240934,0.037832447967164,0.141851397040298,0.2839,0.064347,0.00220300000000001,0.7264,0.042028,0.008683,0.7013,0.03438,0.00304400000000005
HD114082,3.1646,1.90647903994426,0.0644061622816763,0.0505125029197282,129.795236680409,3.50139781184319,6.61678379212609,0.1816,0.0267,0.00918300000000002,2.2572,0.121281,0.0382150000000001,231.857998,11.855517,8.09852800000002,3.783,0.034106,0.00377999999999989,0.983909124276362,0.0668675576772578,0.139541649281756,0.0409,0.006369,0.013432,0.3608,0.00651399999999996,0.00166700000000003,0.57,0.00136700000000001,0.006714
HD115361,1.8594,0.125387618078113,0.0272573867190557,0.0301049535595521,16.3030891143571,5.10189603185001,4.56481832620208,-0.5401,0.282827,0.306723,25.8455,1.572506,1.145065,53.798011,514.141636,22.288017,1.8529,0.141519,0.152679,0.00710812387929267,0.00744828110723056,0.00432754950623477,0.0066,0.048146,0.001702,0.5066,0.060167,0.041853,0.9086,0.0672470000000001,0.0254139999999999
HD117214,5.036,0.130562893382077,0.00591868131979867,0.0216898611156876,19.4704858365135,0.295712318259074,1.56825474154805,-0.9939,0.011552,0.0727359999999999,1.9497,0.523129,0.168634,8.558933,0.00292199999999987,0.926516999999999,2.1619,0.123943,0.0155969999999996,0.0146000716810153,0.000670591436306919,0.00511544631038773,0.0787,0.03699,0.015914,0.46,0.025969,0.00678099999999998,0.0215,0.041896,0.002595
HD117484,1.8987,1.22542105266687,0.0552849922658627,0.106328974279213,411.860418395025,8.25994024428945,67.7873634690082,-0.0692,0.00583600000000001,0.039449,3.1983,0.138735,0.0543660000000004,20.448702,5.36754,2.157556,3.6651,0.0606770000000001,0.0855189999999997,0.0229538208648292,0.000490655205833732,0.00503096059978967,0.0892,0.018165,0.004301,0.7062,0.00193199999999993,0.0138520000000001,0.2889,0.00407299999999999,0.026415
HD117524,1.5524,0.0514501793863794,0.00797612592962694,0.00484890139577778,0.0521234181483522,0.00785344553327201,0.00263724980330662,4.5548,0.0166649999999997,0.22748,14.2154,0.283768999999999,0.896805000000001,250.0,250.0,50.0,4.4425,0.0550769999999998,0.0111949999999998,5.38585910513691e-07,1.53530631307437e-07,1.03456450253138e-07,0.3,0.00215900000000002,0.037487,0.6272,0.00978699999999999,0.036256,0.8589,0.016936,0.094449
HD117665,3.4046,1.55753403659936,0.0748715583902366,0.039601642458855,77.9450293133919,9.20178029840314,2.17125643399253,0.6089,0.056233,0.000801999999999969,3.4678,0.191305,0.0417230000000002,8.291413,0.389688,0.553961,3.1946,0.0221329999999997,0.067806,0.000379625160042904,6.84775275991805e-05,1.66787409658925e-05,0.0062,0.001091,0.006006,0.2585,0.011468,0.00281100000000001,0.7508,0.031042,0.00571299999999997
HD118379,2.829,11.2332816125293,1.07029061607776,0.50679928629358,3610.42561766799,8918.24660858521,2547.4559933914,3.6268,0.32231,0.0405689999999996,8.461,1.99245,0.859932000000001,18.001721,1182.752734,120.246293,3.6868,0.0204600000000004,0.289498,0.000677883382791059,3.8433812388889,0.000485584620917984,0.2314,0.024327,0.022334,0.9669,0.028016,0.0321,0.5722,0.0528759999999999,0.0501910000000001
HD118588,2.2089,0.65421961806527,0.224705272758968,0.0195788987136581,17.0711143723231,4.35182716182892,6.5397387802965,-0.4635,0.157657,0.060651,6.5727,0.609272,0.66679,11.202363,3.14621,2.077876,2.8319,0.124331,0.174952,0.000249146613255156,9.75387437030629e-05,3.89565492985039e-05,0.0213,0.004448,0.006839,0.5393,0.06985,0.029714,0.2869,0.0345,0.04551
HD120326,2.146,3.94652807102968,0.0801172917518649,0.166529766780702,2978.38421580906,2814.37513603805,2576.44884717607,4.1359,0.0993119999999994,0.195579,6.6593,1.324893,1.335696,7.024573,62.565509,5.53358,4.1164,0.0888800000000005,0.21332,0.00107437275866807,0.000237539927109383,0.00019608388879971,0.1157,0.045869,0.00311700000000001,0.1574,0.04134,0.062339,0.3629,0.044551,0.034579
HD122705,4.1142,0.10685632044076,0.0394021251021181,0.00933257184211325,17.7809889886502,1.49603338570076,0.956811025585338,0.4823,0.040819,0.028299,4.5311,0.12362,0.131075,4.922737,0.188992000000001,0.221804,4.2493,0.0215750000000003,0.0333290000000002,1.27660043481693e-05,3.73774302386335e-06,1.62548146195539e-06,0.1257,0.00727,0.017541,0.3956,0.00614199999999998,0.00516100000000003,0.2168,0.005604,0.00456999999999999
HD124619,2.1468,0.0792867108013644,0.0202447520067511,0.0140191856488173,68.1707276311562,16.8518648325662,0.0933925729444383,0.4552,0.029305,0.018879,11.2876,0.218617,0.732648999999999,179.021297,5.252882,29.747453,3.2482,0.187932,0.0780979999999998,0.00271866056715743,0.000853442943847833,0.000535588607664017,0.0047,0.002796,0.001324,0.5183,0.033047,0.0165230000000001,0.3258,0.026925,0.00109400000000004
HD125541,1.9234,0.322536133894112,0.015798052873077,0.0138197308101072,557.610056039035,25.7664660840653,24.8208580290068,0.1947,0.020154,0.017939,3.5454,0.152881,0.149419,10.580905,0.487464000000001,0.428277999999999,4.0955,0.0207809999999995,0.0227440000000003,0.0876708037321028,0.0129138792716634,0.0109722729852425,0.0384,0.004282,0.004415,0.0484,0.004327,0.004704,0.1389,0.006241,0.00515699999999999
HD126062,3.395,0.401819415671555,0.0646243807091615,0.0780770912525449,566.936608584297,15.0838841617215,241.177629420773,-0.015,0.048378,0.053435,3.434,0.771606999999999,0.707847,250.0,250.0,50.0,4.3786,0.142836,0.05091,0.0463078894691994,0.00639478394295675,0.0333851702904438,0.1819,0.086409,0.010279,0.5287,0.112478,0.00376200000000004,0.4324,0.040609,0.048814
HD126135,1.512,2.23766020118352,0.437728961106691,0.205337029088564,92.5205486518524,11.8066068489333,21.6618682173291,0.2691,0.032065,0.071361,29.3563,0.0798670000000001,1.516617,250.0,250.0,50.0,4.1902,0.0818260000000004,0.00669800000000009,0.0023049153915926,0.000475687468558407,0.00113716901381241,0.0009,0.001412,0.000626,0.6393,0.028836,0.00619599999999998,0.0487,0.024338,0.002692
HD127750,7.5683,0.477386429745581,0.192743671964415,0.119460604876044,1410.45977368612,22.1645044765155,123.54889029722,-0.0084,0.016285,0.010633,3.6066,0.16908,0.0326049999999998,13.706436,3.181292,1.785756,5.4975,0.00149100000000058,0.00824599999999975,0.0578968569791903,0.046340379794852,0.0160100969908771,0.2068,0.033344,0.022566,0.3475,0.052758,0.071867,0.8155,0.027399,0.015605
HD129590,13.2566,6.25711026055081,0.111751667360728,0.114391192560756,6.32126026913736,0.150462254642697,0.0795189217203705,-0.6128,0.016896,0.0157539999999999,16.701,0.135463999999999,0.115212,231.590007,8.37604899999999,6.016469,2.9845,0.0278479999999997,0.026967,0.0915282140015955,0.00383013485397091,0.00355515016481781,0.4435,0.00640999999999997,0.006353,0.6176,0.00302099999999994,0.00317500000000004,0.0003,0.001781,0.000173
HD132238,0.6876,4.92770720324208,0.199514070418818,0.35032014666881,144.369185292942,30.6324920396557,4.02852937472002,0.4282,0.03775,0.018981,19.9421,0.380416,0.198129999999999,107.515291,2.51333,7.32156000000001,3.2594,0.0535510000000001,0.011266,0.000770468678096213,0.000192927223603806,4.83604233007324e-05,0.0876,0.010046,0.00561299999999999,0.59,0.012081,0.00457599999999991,0.3434,0.015233,0.003965
HD133803,3.6124,0.122582589874287,0.00825152546446736,0.0113457540394386,7.93933665119903,0.453361459371825,1.19875665957043,-0.2958,0.025851,0.029611,6.8504,0.134895,0.226370999999999,7.355932,0.366035,0.150145,4.0312,0.126803,0.0358670000000001,0.000218501784409928,1.17990918200806e-05,2.10697152543991e-05,0.0314,0.000187,0.008281,0.6298,0.00558199999999998,0.00636500000000007,0.0911,0.000977999999999993,0.024866
HD134888,3.2731,0.0660676873866384,0.00631013707890003,0.00505032801312963,25.6546412885018,1.46971414971332,2.48748604279067,-0.7719,0.012837,0.049103,23.2751,1.012807,0.114949999999997,25.022718,3.370352,1.062642,3.5843,0.2956,0.0345239999999998,0.0324082057967771,0.0118974659565737,0.00673618659934086,0.4185,0.00295000000000001,0.023291,0.7276,0.047432,0.00659100000000001,0.0004,0.069019,0.000459
HD135379,7.166,1.04292033520642,0.0429672545718653,0.0391357933978458,66.2492927484701,1.91051614553406,1.86550145400214,0.3399,0.021951,0.018663,3.3794,0.0961310000000002,0.0781369999999999,39.642357,2.170907,1.449578,3.9993,0.0127730000000001,0.0118649999999998,0.00431971394088694,0.00033685339397619,0.00025261021458758,0.0093,0.001872,0.001777,0.5948,0.00286200000000003,0.00373299999999999,0.3954,0.00470500000000001,0.00436699999999995
HD136347,3.2297,0.428310220391127,0.0178857201581725,0.0408814302331332,0.664110026125763,0.0584037673280261,0.0239872100136604,2.0703,0.0010889999999999,0.068864,23.0953,0.640795999999998,0.148059,24.335328,1.573933,0.238824000000001,4.0282,0.0234819999999996,0.112722,7.59547586384484e-06,2.15900978283266e-06,3.24728942443063e-06,0.9965,0.00317699999999999,0.00179900000000011,0.3302,0.02432,0.00895799999999997,0.9977,0.00201499999999999,0.00345300000000004
HD136482,1.6892,2.87989587374195,0.231380427498891,0.0896421201460846,1080.79713804308,374.632476303291,77.5006293154343,0.5311,0.039085,0.018931,4.4887,0.0662580000000004,0.000351000000000212,250.0,250.0,50.0,3.4838,0.0136810000000001,0.0791719999999998,0.0486580822315143,0.0380824799179311,0.00546486091314978,0.1913,0.024001,0.00814499999999999,0.3325,0.011953,0.028913,0.1573,0.011696,0.00736100000000001
HD137057,2.8605,0.321329178580895,0.0217324830641588,0.0132579463634019,50.6536249450931,1.76035227045941,17.7033872728627,-0.5038,0.080333,0.166247,3.2353,0.0909749999999998,0.134584,5.843452,2.521943,1.190447,4.1541,0.0494210000000006,0.00706999999999969,0.00172804476233246,0.000229026912067303,0.000716141342067681,0.1648,0.020022,0.037416,0.0007,0.010088,0.000336,0.1087,0.00576199999999999,0.00691
HD137119,2.8729,0.875200051877745,0.0236777140284115,0.0434974744634089,10.5856277794989,0.236083999475298,1.24394063230212,0.4167,0.029817,0.090433,3.7778,0.226836,0.0672739999999998,13.322333,1.419813,0.236228000000001,3.0127,0.0898149999999998,0.0231020000000002,4.25750324862575e-05,4.82020537262065e-06,5.08717763726364e-06,0.4403,0.032499,0.00352199999999997,0.1138,0.003775,0.021027,0.1706,0.001802,0.030192
AlphaCrb,50.6973,1.05719968336869,0.118630337295462,0.140336330538271,51.2247903702222,7.5325005878037,4.47394176931049,-1.5554,0.105271,0.230884,24.9082,1.023142,1.390132,250.0,250.0,50.0,4.1355,0.233924,0.122689,0.0498373553337976,0.00709936883303394,0.00970461192707905,0.0014,0.00819,0.000552,0.0646,0.048413,0.032523,0.3165,0.048354,0.051126
HD138813,4.4096,1.15463163319819,0.187118074657967,0.0300820479949842,46.6503933430496,0.255516567044715,6.30735762389839,-1.4067,0.04609,0.0580239999999999,15.0471,1.236171,0.00198400000000021,144.269818,27.47271,14.107398,3.6668,0.0700370000000001,0.0781099999999997,0.0342890132977816,0.00538954287311017,0.0031897443880856,0.0018,0.004157,0.001268,0.517,0.00455800000000006,0.031612,0.2059,0.000316000000000011,0.043885
HD140840,2.1614,0.49493892658065,0.100439340548303,0.0179700505342156,742.244789532573,207.277476462254,330.897662974373,-0.1355,0.003469,0.036751,3.5735,0.0880939999999999,0.143176,5.473102,0.806528,0.174302,2.9488,0.00107000000000035,0.0461359999999997,0.0351766913381948,0.0100086640039238,0.0201462376692752,0.0969,0.00679200000000001,0.034618,0.645,0.023286,0.038072,0.3528,0.00247399999999998,0.011348
HD141254,2.3971,0.0690615542100659,0.0119923055934527,0.00684926837770988,32.0194303591179,4.39283198492318,8.42701451586767,0.7009,0.0642010000000001,0.04476,8.4698,0.277568,0.340672999999999,8.888043,0.637042000000001,0.421837,3.377,0.0946310000000001,0.0495429999999999,6.08912638103499e-05,1.51506352294213e-05,2.36239438657111e-05,0.9987,0.000947999999999949,0.00702999999999998,0.5096,0.0121329999999999,0.01191,0.186,0.014297,0.013569
HD141327,2.0175,1.67776900436151,0.172738267598213,0.0761704607560028,1212.77322447973,161.152423306826,10.6036284021736,0.7094,0.0414709999999999,0.0104850000000001,7.6213,0.328278,0.794351,11.290334,2.077461,0.443992,3.3137,0.0051549999999998,0.0654409999999999,0.00160788501604167,0.000442479765028328,0.000194026662618495,0.0034,0.002241,0.002161,0.2904,0.00180000000000002,0.015045,0.8956,0.000133999999999967,0.0153799999999999
HD142139,1.3482,0.297975440072003,0.0608787361170444,0.141817509382564,335.377173501273,12.3762602089821,181.590506830686,0.1969,0.019125,0.037612,3.8064,0.523936,0.00117499999999993,250.0,250.0,50.0,4.3801,0.107797000000001,0.0275410000000003,0.0152635301194884,0.000561112413299253,0.0132253233540171,0.2582,0.07298,0.038021,0.4456,0.01822,0.012773,0.018,0.004032,0.01586
HD143675,4.7114,0.511006389243256,0.0144786179697317,0.0397180226396897,243.186056573275,9.50697409769509,7.05120482740867,0.0062,0.01069,0.026742,2.2549,0.0728089999999999,0.0405610000000003,250.0,250.0,50.0,4.4068,0.0186340000000005,0.0405639999999998,0.044653446831156,0.00670794066900488,0.00372834144468302,0.176,0.022599,0.00323799999999999,0.5095,0.00280200000000008,0.00806099999999998,0.4739,0.012401,0.00309300000000001
HD144587,1.4479,0.261353744947175,0.0201208436317034,0.0340893324567201,78.9819666301649,3.89399156690678,7.76271427562033,0.319,0.022546,0.023771,2.4208,0.149003,0.129827,98.750658,10.225581,7.284963,3.6186,0.0674090000000001,0.0318839999999998,0.00231768808451314,6.95979721158061e-05,0.00047051589703523,0.0765,0.014197,0.001198,0.3476,0.00448799999999999,0.00858200000000003,0.1378,0.006332,0.021008
HD144981,1.0104,0.890620123484061,0.16751350935478,0.143997117616391,479.940773484859,568.188930288821,398.095936175098,0.8314,0.114716,0.089693,3.652,0.681756,0.0413169999999998,92.756239,419.818449,28.770618,3.6969,0.211482,0.0922179999999999,0.00147963633635937,0.000789645417132387,0.000772471095983752,0.2082,0.046287,0.030617,0.5348,0.0812949999999999,0.031688,0.5325,0.060044,0.042726
HD145554,2.3046,1.44577598824499,0.0940175148045101,0.061323713807693,189.094367903228,11.1911965740881,12.5610358657153,0.6949,0.023814,0.023747,4.3391,0.146165,0.10418,133.241991,4.764118,5.58009700000001,3.321,0.0237099999999999,0.0231270000000001,0.00325802931758586,0.000349837012136811,0.00034284932528944,0.1853,0.008414,0.00825399999999998,0.4576,0.00898300000000002,0.00950899999999999,0.1759,0.00561800000000001,0.00606400000000001
HD145631,0.886,6.08153164496626,1.43480194180803,1.26043811404916,61.7847501053592,5381.92370282625,539.140114888279,3.398,0.70171,0.343889,22.1074,0.442056000000001,2.343412,250.0,250.0,50.0,1.5645,0.247486,0.0496840000000001,0.00100798713221103,0.000221844816091133,0.000510095623836428,0.138,0.060362,0.037305,0.5033,0.00514199999999998,0.161576,0.5196,0.0525180000000001,0.053123
HD145972,1.5812,0.0330679853727242,0.00239533735734062,0.00132556800814472,18.9065858949233,1.58108542037948,2.76660732277161,0.1817,0.012667,0.049811,2.3126,0.109774,0.3614,124.110517,6.848069,19.586474,3.5287,0.0481629999999997,0.171055,0.000647970132546389,0.000269579435400648,0.000128206015428233,0.0317,0.005327,0.016762,0.5816,0.019147,0.00496399999999997,0.908,0.00814099999999995,0.00673299999999999
HD145689,4.5816,0.0580850692539156,0.000673936217779773,0.00323811515367056,120.115448503828,12.5972916287143,11.1173048663977,0.5519,0.0210220000000001,0.0295409999999999,12.1307,0.27638,1.378258,96.721859,11.490069,45.330161,3.0022,0.0156419999999997,0.132512,0.0033216585570566,0.000232607093126043,0.000627342083160702,0.0114,0.006218,0.000723,0.6543,0.06818,0.00490100000000004,0.16,0.00614699999999999,0.012169
HD146606,1.8828,1.14240899217788,0.0190874525116169,0.104588774934539,822.245641293844,30.887724821702,82.2897133421344,0.4649,0.013182,0.038072,6.3172,0.283275000000001,0.152295,8.696112,0.236453000000001,0.596992999999999,2.1321,0.0382830000000003,0.0338129999999999,0.0104533378758647,0.00151427464631514,0.00217858899706342,0.1819,0.01721,0.00381200000000001,0.9335,0.00434599999999996,0.029403,0.4246,0.026612,0.00676099999999996
HD146897,6.3482,5.02746500513451,0.13089987084657,0.198262389514957,1313.58573896897,209.67492693748,664.465178995585,2.6491,0.242847,0.0408729999999999,2.3092,0.158434,0.125333,27.085571,2.017383,1.61851,2.1495,0.025566,0.079815,0.0390890385084308,0.00081385350322901,0.00755523006298588,0.0773,0.035158,0.004441,0.8303,0.000156999999999963,0.030039,0.606,0.0586180000000001,0.035838
HD147010,0.9089,10.5138492408178,1.1472289217789,0.945932925259109,4273.52103005492,1313.05177934111,1547.85672380802,0.6769,0.268911,0.221674,7.7874,0.693308,0.878579999999999,250.0,250.0,50.0,4.1975,0.214363000000001,0.181337,0.434865533727481,0.243472395472917,0.230470406091529,0.1675,0.068196,0.025089,0.4497,0.048686,0.054687,0.1266,0.055344,0.034259
HD147137,1.9734,0.662572274092007,0.00428298751301226,0.096589805172971,19.0672912932078,0.49396027308968,2.39701395102066,-0.7547,0.12405,0.252328,5.8477,0.0981569999999996,0.439734,9.451263,2.811957,0.283685999999999,3.9803,0.162869999999999,0.0540319999999999,0.000183761694966713,1.08555836310473e-05,2.61092003108918e-05,0.3785,0.093608,0.000124000000000013,0.4363,0.01207,0.010119,0.3882,0.000605000000000022,0.037298
HD147594,2.2652,0.0651251474919157,0.00641861115259118,0.00945586669976414,287.88338716413,29.218486987694,38.6789097436138,0.3762,0.026087,0.03631,5.9662,0.295222,0.207357,6.481878,0.329052,0.412097,3.9994,0.261946,0.144829,0.0105549210220613,0.00271590579710477,0.00266660803065646,0.2213,0.000615000000000004,0.100126,0.1296,0.00212099999999998,0.028753,0.7771,0.0155069999999999,0.00957200000000002
HD151109,2.8126,4.58779825928243,0.396916610614347,0.197276243412825,246.189171123963,37.9241063496548,13.4989187658992,-0.1203,0.033557,0.024259,9.9857,0.410014,0.282508,10.813054,0.596933,0.327701999999999,3.0041,0.0210499999999998,0.0276620000000003,0.00198086549956335,0.000656065721185151,0.000272856667271689,0.1298,0.013604,0.089314,0.4786,0.00779599999999997,0.013195,0.6607,0.00630300000000006,0.00782299999999991
HD157728,17.2668,0.263070203936431,0.002740236834129,0.0240969599459842,24.1109392571939,1.55144514457228,0.226865082368001,-1.4876,0.0363519999999999,0.029355,19.5565,0.213073000000001,0.561071999999999,250.0,250.0,50.0,2.6389,0.031561,0.148867,0.534878311184548,0.0698104584088388,0.0235290741187901,0.0858,0.033509,0.012532,0.4239,0.023469,0.00546999999999997,0.0002,0.004222,4.1e-05
HD159492,15.8076,0.146240793687292,0.0140330189089657,0.0037939621080598,11.5999321893942,0.174468964241274,0.764784595193611,-0.7109,0.013286,0.0183180000000001,14.5252,0.258144,0.0552670000000006,20.978227,2.717087,0.608972999999999,5.1575,0.029458,0.0113959999999995,0.0017780951117383,0.000140049054528717,4.91712250574059e-05,0.0009,0.001563,0.000724,0.197,0.00345599999999999,0.00407000000000002,0.0136,0.00511,0.003086
GamOph,20.0829,0.411772732801635,0.165517538900451,0.0478458918642136,114.688103315098,4.14718636164974,15.9385744905024,-0.9415,0.00760799999999995,0.051123,20.6287,2.805003,1.178149,250.0,250.0,50.0,5.1584,0.0890020000000007,0.248307,0.466503587624099,0.0745218801642766,0.0501188595519473,0.0001,0.018398,0.000127,0.2032,0.001474,0.023261,0.4644,0.00324099999999999,0.013152
HD164029,3.9742,0.147880332782998,0.00661843167676396,0.00763845731558887,0.153009953782188,0.0217095063201836,0.00606888893782515,4.4257,0.124026,0.0170019999999997,6.2957,0.190063,0.550456000000001,250.0,250.0,50.0,4.9487,0.0245549999999994,0.188040999999999,1.6926025390426e-05,5.35954565873684e-06,4.10086692094233e-07,0.8792,0.0427420000000001,0.00689899999999999,0.9665,0.012984,0.00806800000000008,0.2887,0.014642,0.01739
HD169666,3.0339,0.302546017653822,0.0305904544232326,0.00396117058497703,35.1518803780178,10.2234323063112,14.3032135172428,0.3501,0.041717,0.011653,2.9611,0.340527,0.10015,9.64424,0.417558,1.561711,3.0073,0.0833209999999998,0.165733,0.00225141205947715,0.000925542435970928,0.00126326378023882,0.2458,0.028177,0.000436999999999993,0.8089,0.0471830000000001,0.018548,0.1085,0.041171,0.009311
HD169022,11.7168,2.00126749923654,0.148988363950905,0.09731469918144,158.504142724759,0.181511101354403,17.5827173842747,0.7455,0.0309649999999999,0.0404990000000001,8.3245,0.0518649999999994,0.00918400000000119,8.734695,0.205446999999999,0.00840599999999903,4.8249,0.149982,0.074147,0.000427321739900851,4.03831222866102e-05,6.34203640569637e-05,0.937,0.00093399999999999,0.025567,0.2371,0.035643,0.018445,0.0841,0.057511,0.02946
HD172555,13.8727,0.368263351782065,0.0127296395734599,0.0075750568274659,27.9255776758838,0.968304208132331,2.22380795407754,0.5159,0.010772,0.0194,1.0009,0.0154590000000001,0.0097569999999999,94.547239,3.79240299999999,2.481105,3.334,0.0180009999999999,0.00935400000000008,0.0137674969206921,0.000712201312985336,0.0012311764470617,0.0043,0.001196,0.002234,0.2631,0.002801,0.00223800000000002,0.6826,0.016938,0.00375000000000003
EtaTel,8.694,1.39859749473089,0.124742398643221,0.0373286815830269,66.8980587282601,6.45934573761096,2.9963852110922,0.1185,0.060723,0.018787,3.9656,0.114337,0.081607,250.0,250.0,50.0,4.3612,0.034637,0.0199870000000004,0.0148475565487684,0.00320433276225772,0.00134864649344089,0.2267,0.014647,0.00118000000000001,0.8212,0.012644,0.00429100000000004,0.3127,0.005631,0.017267
HD181327,9.9488,6.31714123665803,0.0813148901135445,0.108552694065295,20.1835274769307,0.1975471707045,2.60179533428803,3.365,0.00669400000000042,0.0782790000000002,6.0858,0.073385,0.101,6.512075,0.0711639999999996,0.206094,4.2794,0.00869199999999992,0.0571809999999999,0.0185376632241522,0.000283967624579561,0.0016921854195622,0.0841,0.001708,0.00419799999999999,0.7647,0.00138699999999992,0.0057870000000001,0.0336,0.001814,0.006462
HD182919,3.0407,2.25621607519192,0.114388279582186,0.100932341593035,396.663814164334,18.6053671649561,18.7785530659642,0.6686,0.019624,0.019836,7.5783,0.155374,0.174886,17.689812,0.780570000000001,0.766659000000001,3.3449,0.0233660000000002,0.0271180000000002,0.00420973722817023,0.000514674905421759,0.000445915483680978,0.3229,0.00539299999999998,0.00602400000000003,0.2787,0.00529799999999997,0.00482399999999999,0.0243,0.003625,0.003785
HD184930,3.294,11.0173398013524,1.17671997007326,1.76327950583736,11.2985032483793,2.3546010714885,0.932003261052502,-3.3186,0.157292,0.00557499999999989,13.4236,0.677161,0.210051,35.294048,6.890221,1.25776699999999,4.2369,0.0687049999999996,0.0675060000000007,3.69109300247527e-06,9.64033016884956e-07,5.92242050585796e-07,0.7808,0.017393,0.0398010000000001,0.9998,0.00038399999999994,0.0533790000000001,0.6263,0.045577,0.00638099999999997
HD191174,0.4078,0.348207856687481,0.0198916161067113,0.0505947442664735,322.190927332089,21.3606980811583,95.4914080456377,0.5783,0.0308229999999999,0.036139,3.8633,0.239247,0.193555,11.362537,1.509458,1.354774,4.8415,0.000938999999999801,0.139324999999999,0.00123212561977092,0.000196352535174325,0.000579129824841404,0.1222,0.025062,0.00505800000000001,0.7872,0.037635,0.000905000000000045,0.1612,0.01159,0.012574
HD191089,3.5015,4.0784213593003,0.159455204554,0.0428677882170243,18.0277093809201,1.89804054944106,0.220216572250855,2.0963,0.0160970000000002,0.048978,6.5384,0.189816,0.03491,7.003377,0.181643999999999,0.168271000000001,2.3195,0.0486599999999999,0.0935140000000003,0.00774559862171914,0.00118385543447959,0.000204855386709471,0.1278,0.00375900000000001,0.010144,0.1711,0.036663,0.00580600000000001,0.397,0.012252,0.00317800000000001
HD221853,3.954,10.9998549088182,0.329084763270528,1.19116323125611,127195.69470066,4397.91846925115,8585.0925030639,2.8385,0.0102690000000001,0.0423959999999997,2.5161,0.0921880000000002,0.0729029999999997,34.144792,4.352258,1.282338,2.8967,0.0163319999999998,0.0176150000000002,0.0495741170684617,0.00404735157102384,0.00349155806397664,0.0032,0.004424,0.001384,0.6184,0.00318000000000007,0.014122,0.874,0.0188739999999999,0.004687
NGC2422PMS112,22.1639,2.22961015334989e-18,7.31851179185353e-20,9.27722905188232e-20,6.60255417889113e-16,1.64857835825192e-17,5.71554459401132e-17,2.607,0.0247989999999998,0.0320500000000004,1.9492,0.043674,0.0617339999999999,2.051188,0.0723640000000003,0.0426449999999998,4.9258,0.170512,0.0284999999999993,4.76930380622619e-07,1.47517999436883e-08,1.02516539880028e-08,0.2413,0.011195,0.00185399999999999,0.9994,0.000432000000000099,0.00119599999999997,0.7101,0.00518399999999997,0.0206569999999999
