name,chisq,temp1,temp1_Up_er,temp1_down_er,temp2,temp2_Up_er,temp2_down_er,Loc,Loc_Up_er,Loc_down_er,Loc2,Loc2_Up_er,Loc2_down_er,amin1,amin1_Up_er,amin1_down_er,amin2,amin2_Up_er,amin2_down_er,mass1,mass1_Up_er,mass1_down_er,mass2,mass2_Up_er,mass2_down_er,fcryst1,fcryst1_Up_er,fcryst1_down_er,fcryst2,fcryst2_Up_er,fcryst2_down_er,oliv1,oliv1_Up_er,oliv1_down_er,oliv2,oliv2_Up_er,oliv2_down_er,ffost1,ffost1_Up_er,ffost1_down_er,ffost2,ffost2_Up_er,ffost2_down_er
HD3003,3.7442,163.0335,0.685513999999984,0.986834000000016,710.5583,3.47815800000001,1.723613,8.43141203306401,0.106353024329271,0.0727280583361178,0.696559334365203,0.00293215904095412,0.00585164721879627,6.9619,0.0549559999999998,0.0912879999999996,9.7419,0.196685,0.00242299999999851,0.000157309513524841,2.46648019717801e-06,4.10323126121375e-06,1.23382904063229e-06,8.10686838945288e-08,3.43109164482746e-08,0.3001,0.00375899999999996,0.011454,0.0423,0.005241,0.014697,0.269,0.00908900000000001,0.018746,0.7558,0.00744699999999998,0.000573999999999963,0.0362,0.001959,0.003576,0.6691,0.000510999999999928,0.00503300000000007
HD5267,2.7438,79.7739,1.704336,2.63852,536.7774,8.78374900000006,11.9539719999999,76.9727733232249,5.97891414888346,3.51318623014485,2.33752765927886,0.0780141248513857,0.0544546603582203,10.6835,0.0371319999999997,1.088749,7.7129,0.348726,0.226587,0.000216199650730316,8.8511279572454e-05,4.87963470008563e-05,5.19224274312116e-07,4.73886526830912e-08,3.85931823246491e-08,0.2438,0.012104,0.03552,0.0022,0.004573,0.001911,0.7074,0.00795599999999996,0.028458,0.129,0.005885,0.044538,0.0611,0.030176,0.002287,0.5095,0.037192,0.00237799999999999
HD6798,3.1959,89.2417,2.63543900000001,1.101715,257.2388,8.26678199999998,5.85695200000004,51.8079879876596,1.71728720396503,3.76836804108631,5.00904079467455,0.216745198082107,0.280683368183627,5.1963,0.183032,0.144137,7.1306,0.259434,0.115218,0.000808825785189311,5.14637787415211e-05,0.000112187179309731,6.77259316559496e-06,7.71360447189331e-07,1.25129154283253e-06,0.0375,0.00337,0.007493,0.0287,0.005203,0.021227,0.8253,0.00659199999999993,0.00964399999999999,0.4736,0.018157,0.00594600000000001,0.2076,0.00648399999999999,0.019661,0.4581,0.00440000000000002,0.00383600000000001
HD10472,5.0345,93.4332,1.32637,1.697835,612.7082,6.63045799999998,5.631576,7.22050047393752,0.330257492834303,0.242159517117044,0.167739773813848,0.00281327303066337,0.00322028411445346,6.5427,0.126797,0.17112,22.4905,0.156821000000001,0.301808000000001,0.000178671378456046,2.00601593571911e-05,1.49386180184225e-05,4.76271931896727e-07,2.24773637090472e-08,2.57206715592371e-08,0.1144,0.010026,0.006395,0.5292,0.008413,0.00706799999999996,0.4627,0.00683099999999998,0.00589099999999998,0.1236,0.007087,0.006659,0.4122,0.00628200000000001,0.00721100000000002,0.2824,0.00518400000000002,0.00758599999999998
HD10638,3.3713,74.9254,1.371285,2.065776,433.0776,7.823868,4.76376400000004,46.3874133572749,3.49080057932763,2.1134039011826,1.30526238187017,0.0240946990237234,0.0381007991189297,6.7593,0.35977,0.240558,6.8011,0.273959000000001,0.150423,0.00136979314349583,0.000324586761143236,0.000138837804247175,4.39192573690859e-07,5.00936696945493e-08,6.54727582683399e-09,0.0418,0.00633900000000001,0.00711999999999999,0.9678,0.013755,0.00493100000000002,0.713,0.01575,0.00599099999999997,0.5789,0.00754100000000002,0.00714799999999993,0.3423,0.00670300000000001,0.016153,0.6157,0.00953999999999999,0.01559
BD+20307,5.6183,257.1589,1.68642699999998,2.42330900000002,870.7958,8.535708,2.30477399999995,1.95793539818407,0.0392835603090993,0.026423840542479,0.0789142966365341,0.000388597336560798,0.00142220064856151,0.3478,0.027424,0.036483,4.6854,0.0883660000000006,0.0917269999999997,2.88705453802814e-05,1.5027896683535e-06,1.57030609537606e-06,3.02520624338503e-06,1.71676250374971e-07,1.81242187164809e-08,0.016,0.006182,0.000343,0.2383,0.011493,0.018596,0.9898,0.00382799999999994,0.000707000000000013,0.9629,0.015005,0.012809,0.3212,0.014508,0.00847500000000001,0.4847,0.00193500000000002,0.01073
HD15407,2.6972,146.3019,0.0252389999999991,2.040325,999.6423,5.61094800000001,11.187733,7.26835623316184,0.27718115456912,0.00340397618035571,0.0881991299931535,0.00202518995410274,0.00101203417380076,0.8723,0.05098,0.0427329999999999,20.4097,0.027708999999998,0.0954090000000001,0.000149401510379797,6.50580917418151e-06,3.92055128607116e-06,1.76829609564228e-05,6.74074262544411e-07,3.04557624665321e-07,0.0225,0.003666,0.001392,0.0012,0.002309,6.79999999999999e-05,0.0173,0.000845000000000002,0.003967,0.865,0.00152300000000005,0.00433499999999998,0.1952,0.004438,0.00113200000000002,0.4183,0.001944,0.00523699999999999
HD15745,10.8397,86.6821,0.562104999999988,0.608470000000011,155.5399,2.07816100000002,2.14120699999998,8.72879300891364,0.133885407946224,0.120746221526883,3.07031831442919,0.102511135094901,0.0944263658248903,10.6058,0.0813679999999994,0.0781120000000008,3.4699,0.0659360000000002,0.0758009999999998,0.00546707444889213,0.000207213111866606,0.00018664840914694,2.34830762363473e-05,1.96938913197975e-06,1.96739979424427e-06,0.0102,0.001706,0.001469,0.0037,0.001693,0.001422,0.5987,0.00229899999999994,0.002359,0.1212,0.00228199999999999,0.00264300000000001,0.699,0.00239700000000009,0.00229699999999999,0.7761,0.00254699999999997,0.002301
HD17848,1.3084,78.2868,1.433823,1.323942,740.3284,8.22053600000004,5.43527900000004,36.3435310448899,1.62630967135469,1.64421068389059,0.451318937297552,0.00613555725870263,0.00908819948624651,7.1228,0.211813,0.188791,15.2655,0.479141,0.0567009999999986,0.000608212004916051,7.84362014665583e-05,7.11583734742959e-05,4.3818245880176e-07,1.75721201723315e-08,6.43828266248248e-09,0.5645,0.039318,0.017949,0.7173,0.0137769999999999,0.00420600000000004,0.7391,0.0154840000000001,0.00122500000000003,0.4116,0.007471,0.005776,0.0657,0.020693,0.000198999999999991,0.3263,0.00518400000000002,0.010831
HD23267,2.7692,115.0661,2.54936599999999,3.590991,216.3078,3.59912000000003,0.178701999999987,27.1815160490947,1.85455931664809,1.2099584832881,7.75117263213864,0.0121890616091829,0.238683420012604,10.4806,0.00497600000000098,0.47592,8.8494,0.0214050000000015,0.326098,6.52161246413745e-05,1.36276550846572e-05,1.4023349640112e-05,1.09661703506741e-05,9.10199366299131e-07,1.54351222668577e-06,0.0002,0.003669,0.000119,0.0007,0.002733,0.000491,0.192,0.001917,0.010599,0.5725,0.00520299999999996,0.00570300000000001,0.4279,0.00727,0.00451000000000001,0.3667,0.00198499999999996,0.010923
HD24141,8.6157,99.858,0.560124999999999,4.232878,310.3934,1.55167999999998,12.989435,14.8185826055279,1.31748878063344,0.16138178780789,1.56632697614021,0.120568317765427,0.0135953810907454,20.0164,0.500586999999999,0.0131580000000007,6.7133,0.159698,0.303037000000001,0.000251046972296248,8.43253366749044e-05,3.44879502305762e-05,1.67554072474987e-06,3.37978237038852e-07,4.30483426803795e-08,0.0121,0.003739,0.011534,0.0001,0.010146,0.001503,0.9366,0.00369600000000003,0.010945,0.2205,0.00197700000000001,0.011115,0.0983,0.01489,0.00109099999999999,0.6588,0.00349500000000003,0.0164820000000001
HD24966,4.8787,92.6841,0.518776000000003,2.12385399999999,455.8608,6.69912699999998,18.087689,33.9764265905853,1.97481356821643,0.467971653352535,1.52244817812183,0.100923202098218,0.0360756746995685,6.3364,0.498438999999999,0.230722999999999,11.427,0.236209000000001,0.104495999999999,0.000633804017918782,0.000135248562590265,4.81137021511333e-05,1.26431411942589e-06,2.61835208834856e-07,9.32719071051878e-09,0.0596,0.001453,0.008716,0.0247,0.007167,0.000463999999999999,0.8315,0.00529299999999999,0.00299400000000005,0.2281,0.003553,0.00722400000000001,0.1688,0.006691,0.01561,0.0965,0.016939,0.008758
HD32297,1.9296,91.6679,0.48328699999999,0.683203000000006,312.1194,2.14833600000003,2.865612,12.0427686203421,0.198356132400564,0.136966868220336,1.04580344544902,0.0170168076223347,0.0124155865167082,9.97,0.0736929999999987,0.0896740000000005,10.1888,0.0634689999999996,0.100395000000001,0.00581373173390254,0.000233629209112226,0.000173842892358677,6.82110897626125e-06,3.20931807913054e-07,2.7073879442553e-07,0.1023,0.003577,0.003645,0.1189,0.00291599999999999,0.00374100000000001,0.5114,0.00479099999999999,0.00424199999999997,0.3522,0.00208799999999998,0.002799,0.57,0.00373400000000002,0.003529,0.036,0.00339900000000001,0.003757
1RXSJ051111.1+281353,4.173,73.9635,11.61508,16.583781,613.567,33.4526949999999,35.686797,5.68737518047553,4.00000223520393,1.45077416777527,0.11452280297249,0.0124304098164001,0.0100397622266379,17.4304,1.176995,1.896117,29.9989,0.145685,1.351203,7.3579187534362e-07,0.0200740332459919,2.81415243405703e-07,4.30481991337805e-07,1.15574358751203e-07,7.20837521824143e-09,0.0172,0.043401,0.012235,0.0044,0.043065,0.000589,0.3631,0.071383,0.037092,0.1221,0.031649,0.071164,0.794,0.045265,0.059772,0.0198,0.029725,0.014802
HD34324,2.2688,39.3347,5.003772,0.0180830000000043,150.4701,2.083202,3.744035,351.092749288259,0.549720432668096,115.919845506027,9.42751126819615,0.479531443494643,0.252007470015243,6.8262,0.103618,1.36794,11.0147,0.293369,0.425621999999999,0.0216548404382066,0.000129453496209995,0.0176018118569186,7.96443528975354e-05,9.41464025730734e-06,5.76406239448061e-06,0.3842,0.00263200000000002,0.01486,0.101,0.02078,0.040874,0.4313,0.00398099999999996,0.017689,0.8837,0.0191629999999999,0.000295000000000045,0.6224,0.0118539999999999,0.0456799999999999,0.145,0.032524,0.0131
HD35150,2.5082,137.3302,5.12012200000001,3.498144,451.6705,13.004104,14.081229,9.12273957676398,0.570802162422522,0.745155390712254,0.924548401553779,0.0516789721641896,0.0438308915162783,4.3937,0.316866,0.289499,21.7661,0.441367,0.320357000000001,4.55989652946306e-06,1.24225513762804e-06,1.32512281823734e-06,4.43664814813006e-07,9.82473671822472e-08,9.93878384390472e-09,0.0017,0.00644,0.001244,0.0311,0.005671,0.006569,0.366,0.011072,0.010334,0.3514,0.012979,0.00996799999999998,0.7638,0.0118539999999999,0.00987800000000005,0.3258,0.02389,0.00807599999999997
HD37286,8.5659,143.2315,2.73820899999998,0.836016000000001,506.6122,3.40617000000003,7.96992499999999,7.00277601952521,0.0878343313737018,0.275232594795194,0.659952857364912,0.017849749979739,0.00743132488345966,7.1972,0.317126,0.0168109999999997,7.0267,0.0867199999999997,0.214209,4.71036962772363e-05,2.66609479160143e-06,2.58721793965572e-06,7.53104058471215e-07,3.9428258916661e-08,4.58556337493881e-08,0.1782,0.000155000000000016,0.01143,0.6271,0.03011,0.00784499999999999,0.0478,0.002637,0.020551,0.8753,0.0200290000000001,0.00814599999999999,0.0078,0.005409,0.002572,0.4109,0.00236400000000003,0.010152
HD37306,4.1541,107.3566,0.897448999999995,1.792164,606.3351,5.75524699999994,5.58511999999996,20.7287441318375,0.815019045575077,0.389883993704483,0.768806316437269,0.0113034926859686,0.0113769516649824,7.1554,0.0108220000000001,0.338818,6.0676,0.277887000000001,0.0888859999999996,0.000212253562386127,1.52717836416899e-05,1.57594985038661e-05,4.4172806008867e-07,2.00164058025007e-08,4.52726096829388e-09,0.007,0.003304,0.003124,0.397,0.00459599999999999,0.00412400000000002,0.1832,0.004659,0.014421,0.1914,0.00192200000000001,0.00619499999999998,0.1007,0.012084,0.000162999999999996,0.28,0.00178400000000001,0.018693
HD37564,5.5643,156.5876,0.189359999999994,4.44418400000001,953.2317,36.898314,69.270261,12.1194301756373,0.752378886602875,0.0304921557393723,0.43149096400212,0.0677985355561871,0.034349810610602,6.6711,0.17927,0.248342,28.0848,0.403347,0.367076000000001,2.52147686635127e-05,3.96684190842633e-06,1.31140401356335e-06,6.46033424347247e-07,1.87083202009717e-07,2.95223440898038e-08,0.008,0.007726,0.003641,0.4792,0.096079,0.012552,0.4843,0.040993,0.016676,0.8269,0.015337,0.00739599999999996,0.6437,0.00538899999999998,0.023027,0.5923,0.00850400000000007,0.035107
HD38206,11.8704,85.074,3.281807,1.77023,369.833,6.01244199999996,10.268571,52.0512142949008,2.22257360516289,3.7611793633948,3.10355743132173,0.146217104350022,0.0802293020000819,22.1974,0.210157000000002,0.344123,4.8116,0.466966999999999,0.530361,0.00454103645110944,0.000651675930305707,0.000750134726315033,2.65800006983304e-06,4.23733644610436e-07,3.30161962062212e-07,0.0075,0.001677,0.003787,0.0022,0.005814,0.001556,0.4593,0.0149,0.00777600000000001,0.8121,0.045504,0.0382220000000001,0.4002,0.026862,0.018463,0.6778,0.0221290000000001,0.028017
ZetaLep,26.2341,141.0189,0.810743000000002,0.573093,447.836,8.31980399999998,3.98043200000001,13.7951825852794,0.109316005586853,0.154148404703104,1.67077847037185,0.0230229468456455,0.0463341504718982,15.3297,0.332661999999999,0.112030000000001,6.7614,0.0831280000000003,0.061096,0.00197721996915535,9.11907102129623e-05,3.7843997819396e-05,9.18237421824314e-06,2.66113705480839e-07,4.93773506323133e-07,0.0066,0.001076,0.001849,0.0173,0.001906,0.002054,0.0806,0.00268499999999999,0.00500200000000001,0.3959,0.018809,0.00454699999999997,0.5189,0.00301499999999999,0.00242900000000001,0.3354,0.00481900000000002,0.017855
BetaPic,6.3931,118.2489,0.740984999999995,0.730746000000011,953.3359,6.58666499999993,0.622619999999984,9.72795285803391,0.118223125410134,0.118656190856278,0.179142086286997,0.000220236695352427,0.00230645231604373,14.6938,0.242487000000001,0.0244559999999989,8.2872,0.0397049999999997,0.371581,0.0730222125866536,0.00312248375369853,0.00142143637740877,2.63787971379874e-05,1.49634573179459e-07,1.30916445008821e-06,0.0363,0.001984,0.004812,0.6402,0.017674,0.00133400000000006,0.7561,0.00376900000000002,0.013194,0.8277,0.00600800000000001,0.000677000000000039,0.5816,0.00303500000000001,0.00249500000000002,0.3365,0.00433699999999998,0.00153700000000001
HD40540,1.1848,87.4646,0.138967999999991,2.66584300000001,373.3169,5.94568999999996,20.258226,16.5254046689509,1.12949538691014,0.0561696902885025,1.0062269203053,0.0983922866966755,0.0272838480249455,10.6343,0.206752,0.269014,10.0118,0.101244000000001,0.906663999999999,0.00130603551847416,0.000189908678905006,1.27546905171441e-05,4.43562668974544e-07,3.05271048992336e-08,1.09422754590438e-08,0.0122,0.011817,0.003904,0.0351,0.002597,0.015723,0.9041,0.011342,0.00341199999999997,0.5019,0.003776,0.01432,0.0895,0.00185300000000001,0.014827,0.1832,0.055632,0.000913999999999998
HD53842,10.1531,131.2517,3.808854,1.615273,397.4361,14.147865,4.82236799999998,2.15453326370878,0.0523385200057018,0.115884254007492,0.373102430061507,0.00776841329395267,0.0213024649723014,15.818,0.149472000000001,0.478705999999999,14.6396,0.195643,0.472733,6.22379082451625e-05,5.60214450117291e-06,1.11458004626555e-05,4.63078894691994e-07,3.75641704822214e-08,2.96408904252699e-08,0.5736,0.028312,0.00970800000000005,0.191,4.40000000000162e-05,0.021754,0.0514,0.022399,0.004403,0.5681,0.0162869999999999,0.00502400000000003,0.0016,0.008187,0.000755,0.7759,0.00304099999999996,0.015567
ID8,0.9022,76.6092,3.768056,0.196370999999999,382.6172,3.074635,2.69895400000001,4.92886652376527,0.0372179077511277,0.650325112703572,0.209345040475876,0.00253014018600409,0.00281044036933439,4.5489,0.267716,0.0941999999999998,1.4415,0.0384629999999999,0.100394,1.66247448258935e-05,1.48022533371811e-07,6.73241123987401e-06,4.32967190994913e-07,5.61815901926244e-09,1.80369165582979e-09,0.3556,0.000527,0.011726,0.0013,0.002144,0.001013,0.3164,0.051172,0.00159300000000001,0.6144,0.00456900000000004,0.00420699999999996,0.8914,0.00709800000000005,0.00360199999999999,0.6803,0.020871,0.00201600000000002
HD68420,101.1882,98.7716,0.421993999999998,7.335971,406.2752,7.56526500000001,16.779041,21.1809963483182,3.47234980826587,0.175359677581511,1.5903507042967,0.120523049342259,0.0498202852981291,18.4574,3.476448,0.0654070000000004,24.2594,0.0240019999999994,1.040048,1.19937498878016e-05,6.00392650341e-06,4.0088953954688e-06,4.57040817657408e-07,5.99134793462748e-08,2.44508055057746e-08,0.1464,0.111569,0.015414,0.0027,0.003871,0.002484,0.4332,0.00447499999999995,0.0617899999999999,0.2022,0.019388,0.012986,0.0756,0.118289,0.002373,0.1186,0.000191999999999998,0.025604
HD69830,0.7486,211.4288,0.997586000000013,1.107125,406.0581,3.00677999999999,2.65977400000003,0.318612008513246,0.00315338597590081,0.00283574976817025,0.132174304369104,0.00139507865821317,0.00154817672013163,13.2618,0.0963390000000004,0.0832939999999986,1.7289,0.044686,0.0433890000000001,2.6549416950439e-05,8.7247943769191e-07,9.71368750323988e-07,1.61493478077788e-06,4.81537150344954e-08,4.36958210948693e-08,0.0007,0.001522,0.000585,0.2873,0.00246200000000002,0.00318800000000002,0.0215,0.002968,0.003175,0.9847,0.00209999999999999,0.00207599999999997,0.0697,0.002694,0.002507,0.7585,0.00177900000000009,0.0018149999999999
HD71043,17.2357,131.7234,1.25671399999999,13.631033,423.9374,0.431862000000024,21.59842,16.6100155720016,4.32506841476215,0.337218503488884,1.90167139050203,0.165768905361351,0.00307732233780933,7.7952,0.301039,0.831171,10.7883,0.156832999999999,0.635446999999999,5.18507434756987e-05,1.866888355967e-05,3.28045940570468e-06,1.81741868193464e-06,4.23132881516914e-07,9.42339257418287e-08,0.005,0.030139,0.002829,0.0255,0.001431,0.007442,0.7925,0.032605,0.00340200000000002,0.132,0.017477,0.001307,0.0006,0.026717,1.9e-05,0.2533,0.024931,0.00356400000000001
HD71155,1.6846,76.1535,10.169462,0.940695999999988,280.6231,20.077441,0.327807000000007,113.708006968192,4.27295109124364,34.5477247291668,5.53515711274031,0.0117731740850902,0.648192463533523,4.3958,0.382124999999999,0.0994820000000001,4.2976,0.135409,0.221171,0.00260288504418048,0.000190442964083421,0.00124999848924049,7.61824592469232e-06,9.5095670294465e-08,1.30794120716883e-06,0.1065,0.006152,0.011636,0.0065,0.004274,0.006342,0.3934,0.00323399999999996,0.011391,0.2624,0.00563199999999997,0.016163,0.3007,0.00216999999999995,0.011126,0.6818,0.00309100000000007,0.0305099999999999
HD75416,1.7749,196.7914,4.709374,8.54559900000001,469.3909,4.15148699999997,17.483863,29.8088467387859,2.63003759489803,1.40577672528884,6.32181725690369,0.415797812170201,0.0948278294994198,16.3915,0.0472879999999982,0.325139,19.4352,0.513568999999997,0.801831,5.58155216524337e-05,2.71623025650458e-06,3.69694315488218e-06,1.44063840453708e-05,1.409524511116e-06,1.33166222831647e-07,0.0887,0.002139,0.049102,0.1144,0.032093,0.018604,0.1793,0.013207,0.00719899999999998,0.2222,0.00953499999999999,0.011602,0.8075,0.00306399999999996,0.030263,0.4736,0.000647999999999982,0.032692
HD74873,4.6509,128.4485,3.54387600000001,1.58584599999999,489.9514,28.4114220000001,11.985243,14.719112800579,0.357072058572196,0.754696793426179,1.12777982153228,0.0446643869668475,0.0949390145772504,26.6229,0.199968999999999,0.533402000000002,6.9254,0.114949,0.387295,0.000294005183937896,1.32623236049742e-05,5.64538153027703e-05,5.9614923092055e-07,4.39619352058413e-08,1.41563164772789e-07,0.0425,0.015373,0.032972,0.3672,0.014558,0.097077,0.1018,0.029801,0.00489200000000001,0.0578,0.00664600000000001,0.012222,0.9123,0.00692000000000004,0.014328,0.3863,0.038832,0.00353000000000003
HD84870,8.6691,67.1183,1.783368,2.135276,553.4184,8.48651699999994,7.63755500000002,29.892042985423,2.86342074551563,2.1100828311758,0.67068230056942,0.0153075718211255,0.0163114479215748,7.1246,0.27632,0.129789,15.1427,0.674209000000001,0.178018999999999,0.00176382294547573,0.000475797541325188,0.000341374023493092,4.30779460492999e-07,4.36305888843192e-08,1.72589354189953e-09,0.9394,0.01254,0.00486700000000007,0.4234,0.031111,0.00962600000000002,0.428,0.00788100000000003,0.00789499999999999,0.1886,0.005386,0.019655,0.1122,0.017497,0.00361199999999999,0.6744,0.00667300000000004,0.019805
HD86087,3.9357,94.7174,0.778931,2.500714,476.0197,7.11182200000002,8.18824999999998,65.1033687367494,4.28131232301578,1.25083825699343,2.91386467386281,0.0807465339748812,0.0672944772594448,6.7997,0.177028,0.691858,5.7385,0.0321489999999995,0.012416,0.00107165498380208,0.000180809887977449,0.000138158004903741,7.75452120694789e-07,1.05138710623532e-07,3.29907226017492e-08,0.0517,0.008718,0.001411,0.0577,0.000965000000000001,0.008258,0.6676,0.014998,0.033569,0.9237,0.00242299999999995,0.011269,0.1113,0.011563,0.023424,0.1569,0.00364599999999998,0.00545300000000001
HD98363,2.5577,109.3212,2.664051,0.510555000000011,291.7939,1.69553500000001,0.356696999999997,20.2315030262905,0.252831216647422,1.23404917533398,2.4666976402908,0.00563204978641796,0.0269869378667456,3.8982,0.193488,0.0110419999999998,27.6487,0.455134999999998,0.275214999999999,0.00029967808720894,1.71504190932533e-05,2.76709020705687e-05,2.74192131718809e-05,4.05061485312894e-07,1.17817684655114e-06,0.0788,0.000518000000000005,0.00688599999999999,0.0067,0.000145,0.004288,0.3228,0.00112999999999996,0.00707999999999998,0.9751,0.002077,0.003973,0.5024,0.00876300000000008,0.00209700000000002,0.4584,0.00568399999999997,0.01138
HD104231,7.1723,159.9308,0.685325000000006,5.850776,624.9198,2.59908499999995,17.765516,2.02186089824031,0.177264165635763,0.0192266274794024,0.154513661837464,0.00845659791874193,0.00118000718511602,3.9462,0.073563,0.290745,22.1545,0.343420000000002,0.749860999999999,4.40002341904475e-06,4.92154602754216e-07,4.11441156858261e-07,5.54951446858714e-07,4.59870242735048e-08,2.24675827498197e-08,0.0037,0.047255,0.003234,0.0091,0.002142,0.003586,0.893,0.019693,0.00165599999999999,0.875,0.00712000000000002,0.00953400000000004,0.8781,0.013615,0.00943700000000003,0.9924,0.00336900000000007,0.0123359999999999
HD104600,57.1471,117.7866,0.843850999999987,1.03580600000001,300.4917,1.925746,5.157805,51.5193692680226,1.0141148782826,0.802764989701643,8.28847986153617,0.267287834869169,0.0962454767535998,7.3491,0.0707930000000001,0.162476,20.746,0.0706830000000025,0.138733999999999,0.000259271624020817,8.93661542870992e-06,1.19148631467812e-05,2.33321622606955e-05,1.44776173024163e-06,6.23135824697451e-07,0.0068,0.01127,0.002557,0.2442,0.00261400000000001,0.003695,0.3001,0.01262,0.00321199999999999,0.2779,0.00424400000000003,0.010361,0.7247,0.00422900000000004,0.00253700000000001,0.2183,0.00534200000000001,0.003358
EfCha,2.0395,178.2758,0.865927999999997,0.76457400000001,999.6296,0.237157000000025,2.022334,5.16363238792553,0.0435955610106813,0.0479859243685388,0.365703857632779,0.00133345852509814,0.00015526953208439,11.3291,0.102402,0.111935000000001,2.9722,0.0408150000000003,0.04826,3.96145738144776e-05,2.21292161010727e-06,2.61200401285833e-06,5.17791584868508e-07,1.04632220951538e-08,8.05544781701223e-09,0.2047,0.00304300000000002,0.00239300000000001,0.2672,0.00356600000000001,0.00350200000000001,0.035,0.002715,0.00310000000000001,0.4946,0.00387599999999999,0.00269900000000001,0.217,0.00282199999999999,0.002663,0.9993,0.000466999999999995,0.00159900000000002
HD105613,7.5555,138.8436,8.80150399999999,2.16725600000001,451.728,7.79499499999997,6.482035,11.0504058096131,0.412635742951577,1.45523477788599,1.13563969935818,0.0250275824696078,0.0287453094710568,4.3229,0.361198,0.106891999999999,6.9979,0.119663,0.199527,7.27871957910683e-06,8.1043746606982e-07,1.54893061066178e-06,5.67355132519736e-07,2.55808978706939e-08,4.12644033205855e-08,0.0333,0.00897199999999999,0.00485,0.0154,0.004636,0.002963,0.7132,0.00811600000000001,0.012424,0.0646,0.00801199999999999,0.025088,0.0701,0.013145,0.004132,0.4751,0.005274,0.00676400000000005
HD105850,2.0817,97.6789,3.008511,0.132811000000004,562.5203,22.60831,4.30463799999995,27.5989778390933,0.090499296479404,1.92509497509104,0.93173645304165,0.0130159854184756,0.0656467290974743,6.3723,0.0461670000000005,0.672207,21.7086,1.266535,1.763814,0.000199230116089031,1.98803324723669e-05,4.34102271083747e-05,2.06041635257247e-06,6.44571823571924e-08,3.87764269437563e-07,0.0744,0.00938800000000001,0.000262999999999999,0.0135,0.0035,0.001819,0.607,0.00196200000000002,0.0158929999999999,0.9916,0.00719099999999995,0.00374699999999994,0.6402,0.023892,0.00764900000000002,0.0256,0.011479,0.004619
HD105857,4.1133,188.9572,1.62933799999999,1.32474300000001,496.8935,4.897852,4.70145400000001,5.15906809850083,0.0753171683480644,0.0901684049698668,0.928989148731169,0.0160258849555053,0.0162459856180142,5.2238,0.163642,0.139656,28.4434,0.153852000000001,0.146037,1.05330704272426e-05,5.19437538675819e-07,5.54732275456215e-07,8.25381989552335e-07,8.05526162867069e-08,9.03342098741748e-08,0.0437,0.005997,0.005016,0.0042,0.002702,0.002734,0.4129,0.00596200000000002,0.00609499999999996,0.5863,0.00623499999999999,0.00552600000000003,0.3039,0.005944,0.00594299999999998,0.6584,0.00677300000000003,0.00636800000000004
HD106036,2.1118,163.2875,0.938245999999992,1.08363800000001,503.9979,3.69925599999999,23.248985,6.73402561415581,0.0901617262780165,0.0773481872991173,0.9413219033845,0.0716254805086086,0.0105728846282904,8.8424,0.305160000000001,2.081597,5.0563,0.231117999999999,0.0822070000000004,9.05638732084213e-05,8.09853369438381e-06,1.08373276462241e-05,8.41501681288871e-07,1.24331182210538e-07,4.2253293256686e-08,0.2276,0.00761700000000001,0.010618,0.4475,0.007102,0.00831799999999999,0.1969,0.006077,0.045306,0.2588,0.007189,0.013012,0.0049,0.00156,0.003128,0.4572,0.00280999999999998,0.00933
HD106797,12.848,148.2473,2.85751200000001,0.691628000000009,473.6335,12.895749,4.68701799999997,19.0739769353532,0.187143124601587,0.737640709568556,2.11092458084141,0.0337096559133436,0.0906738019868034,7.3107,0.231342000000001,0.203525,6.9749,0.174378,0.019863,0.000170865738511971,7.69859877332931e-07,5.47380854630882e-06,1.79951299832795e-06,3.33783838503385e-08,1.48228183622388e-07,0.0077,0.001895,0.004715,0.4051,0.00805899999999998,0.00232399999999999,0.7585,0.0076719999999999,0.0147889999999999,0.4228,0.007216,0.00051699999999999,0.1147,0.004507,0.009453,0.2709,0.00915900000000003,0.00849299999999997
HD106906,3.3959,103.0965,0.944273999999993,1.15127700000001,275.7889,4.04272900000001,4.28650300000004,6.58836571247668,0.170742877126859,0.135207786306468,0.934308486501295,0.0274577931202444,0.0246957956092115,6.9501,0.119482,0.105946,3.8618,0.123024,0.134527,0.000909818970539504,5.83931523716141e-05,4.24006986240678e-05,6.89691681663644e-07,7.15908514833702e-08,5.98800169585511e-08,0.0342,0.003271,0.007008,0.0106,0.003103,0.008659,0.8245,0.00707800000000003,0.004417,0.6156,0.005436,0.00442500000000001,0.2771,0.00509100000000001,0.00378000000000001,0.4343,0.00669599999999998,0.00444
HD107301,4.7803,165.5761,0.29240999999999,2.176782,604.6872,10.604384,1.19036099999994,20.4086131401025,0.548702485820115,0.0715797420231965,2.01803943978035,0.00733745284382792,0.0634587324545868,9.1284,0.0106710000000003,0.344175999999999,28.7696,0.231635999999998,0.0719740000000009,0.000106476799367757,4.35296370883459e-06,2.92446776424346e-06,6.2958589256919e-07,1.10067813892657e-07,4.92460426326672e-08,0.0003,0.000769,0.000205,0.0012,0.004725,0.001035,0.1429,0.00239400000000001,0.010933,0.6387,0.0158079999999999,0.001139,0.1932,0.00998499999999999,0.005358,0.4713,0.00173400000000001,0.00710100000000002
HD107947,2.7033,135.809,1.985298,3.322755,432.8027,13.839559,13.852997,15.9454966086753,0.782787155295241,0.443006508790932,1.73935295146149,0.0980996786021,0.0897987471443455,24.4517,0.477059000000001,1.381682,11.1686,0.199787000000001,0.263648999999999,0.000220777589860865,9.03177588894215e-06,1.52511621681591e-05,1.36067682517199e-06,1.79990061828001e-07,1.48027953716758e-07,0.0,0.014781,0.001873,0.0695,0.00343300000000001,0.059146,0.3693,0.00356800000000002,0.02718,0.8858,0.000909999999999966,0.011101,0.1832,0.000773999999999997,0.027451,0.0047,0.000579,0.004495
HD108857,4.2882,105.8783,0.711293999999995,2.64464799999999,316.9729,9.68071600000002,0.232404999999972,5.36881305771063,0.270480707599122,0.0706046460378333,0.702630965621776,0.000924381950936914,0.0373572887438152,22.2954,0.560261999999998,0.0720339999999986,26.2093,0.235246,0.0718560000000004,9.06681987637215e-05,2.60863610557589e-05,7.9137244497886e-06,1.65597962137364e-05,3.75491484229422e-10,1.65604572315741e-06,0.2204,0.001999,0.008856,0.0025,0.000184,0.001365,0.8464,0.012941,0.00336399999999992,0.2964,0.00521500000000003,0.00545200000000001,0.2391,0.000288999999999984,0.009409,0.6614,0.00241100000000005,0.00436000000000003
HD108904,0.2351,154.4869,0.459806000000015,21.060856,272.6794,1.29639399999996,13.377102,3.1434297715535,1.32199003940773,0.0219036247833655,1.22801644205483,0.136215891839649,0.0121953521096991,3.5865,0.403736,0.262754,1.5391,0.537455,0.118068,1.97585462561464e-05,1.8257473387364e-05,4.74233685267864e-06,8.29382730161937e-07,6.90969755673278e-07,4.11701986847329e-08,0.0835,0.014055,0.049775,0.0936,0.063224,0.016692,0.4462,0.00803999999999999,0.028533,0.1764,0.01636,0.016613,0.7277,0.0133179999999999,0.0253220000000001,0.6761,0.00271100000000002,0.039826
EtaCrv,39.658,150.6244,4.80961200000002,7.78860600000002,524.4953,30.0670270000001,38.747462,3.5296217471015,0.475299252765091,0.282162480327082,0.323960776367538,0.0410311761480861,0.0311154543723377,3.4226,0.037131,0.181889,6.5895,0.0205359999999999,0.150413,0.000195054057101865,2.59347100973237e-05,4.45993518389306e-06,1.81825582691255e-05,4.59536677362461e-06,2.96141065775222e-06,0.0809,0.009241,0.003693,0.0236,0.00153,0.003309,0.9224,0.010173,0.000384999999999969,0.7634,0.0244450000000001,0.00870400000000005,0.1128,0.013317,0.005679,0.478,0.002882,0.002691
HD109573,3.6732,102.3168,0.321445999999995,0.161643999999995,294.9503,9.52997699999997,1.78390499999995,30.0964255771421,0.11037645103432,0.215509717826428,3.70378675199953,0.0399228707474615,0.204829841204043,7.8025,0.00673499999999994,0.172959000000001,3.6715,0.0389529999999998,0.293099,0.0323187822150444,0.000355200492287946,0.00131680425120462,2.9488656596685e-06,1.0824015107038e-07,7.06130076107462e-07,0.0301,0.0011,0.002992,0.4762,0.00155100000000002,0.012215,0.0356,0.000306000000000001,0.00458,0.3255,0.000605999999999995,0.005664,0.2841,0.002556,0.00134700000000004,0.5298,0.00171599999999994,0.00214800000000004
HD109704,2.2941,108.1162,0.0628790000000095,3.535554,616.724,0.0640879999999697,44.066177,14.809870533775,1.21231945793671,0.0205400893894616,0.810260612184279,0.106120776100641,0.000141279638949721,6.5947,0.303308,0.128023,11.1505,1.001676,0.175230999999998,0.00013965451728537,3.20126968657183e-05,2.77843635967411e-06,6.83998245954991e-07,1.80009399664829e-07,1.69073703944063e-08,0.6999,0.00704100000000007,0.00878599999999996,0.2363,0.00895199999999999,0.013103,0.3526,0.00417399999999996,0.011139,0.8774,0.0110950000000001,0.043075,0.0106,0.003561,0.010237,0.9371,0.004054,0.0114420000000001
HD109832,7.7801,111.0798,0.758280999999997,0.885247000000007,344.7923,3.506506,4.82189399999999,6.9080304374581,0.127854486529278,0.106727983379712,0.717004915503305,0.0170882890155601,0.0120083000679606,6.0969,0.114496,0.178877,10.5109,0.0985279999999999,0.12716,0.000152881518607806,6.19265220090664e-06,9.40015192223416e-06,8.80551959830277e-07,7.60106361241385e-08,5.53639004790006e-08,0.0086,0.006963,0.003982,0.0251,0.00477,0.014307,0.934,0.00495999999999996,0.003494,0.0561,0.00510500000000001,0.003607,0.0544,0.005839,0.017907,0.2615,0.00586300000000001,0.003936
HD110058,6.8389,113.5994,0.483913999999999,0.88043900000001,594.6333,1.16696200000001,10.0754019999999,11.0824958748513,0.198292355017792,0.105660450387481,0.536147461931173,0.0146617561499469,0.00168140553849827,6.8102,0.16036,0.0514000000000001,13.7553,0.462448,0.824439,0.00114539422214459,6.94061419114907e-05,2.11946121910632e-05,5.93136961438466e-07,2.16431090053975e-08,4.40679795553234e-08,0.036,0.006356,0.008476,0.0091,0.018458,0.003744,0.1784,0.000656999999999991,0.00933700000000001,0.2357,0.00274099999999999,0.003335,0.0464,0.001082,0.013562,0.6868,0.022747,0.0365529999999999
HD110411,1.8184,82.639,1.831868,0.110827,489.1997,7.06715700000001,2.61311799999999,38.9788794460564,0.128852493342514,2.05790172242027,1.22261137988822,0.0106541323123133,0.0281789641044603,7.2531,0.0475440000000003,0.199595,18.7875,0.062735,0.200129,0.00145430329473079,4.83397038827092e-06,0.000190276874130632,2.91041545556327e-06,1.38922495691406e-07,2.49463238951864e-07,0.012,0.004001,0.003706,0.045,0.000310999999999999,0.009426,0.2281,0.002444,0.006214,0.0887,0.001723,0.008963,0.0823,0.002224,0.005532,0.3142,0.010949,0.000865999999999978
HD111520,5.8419,101.9937,1.79585499999999,1.51082700000001,488.8672,11.575997,45.800229,4.9277530343762,0.173282268116331,0.194599537008998,0.278142146567573,0.0489206597757913,0.0111177743974944,6.6319,0.124284,0.190857,23.4933,0.301171,0.194528000000002,0.000330715833597031,2.4847809472921e-05,3.44556642058944e-05,4.69088718120767e-07,1.71683276462338e-07,2.68571257476674e-11,0.1532,0.00964299999999998,0.003806,0.9873,0.00712099999999993,0.01942,0.9905,0.007494,0.004992,0.3567,0.00531100000000001,0.011767,0.2994,0.00909599999999999,0.00889099999999998,0.8105,0.00366199999999994,0.028412
HD112383,1.075,97.7258,0.867515999999995,1.02861800000001,300.3343,4.380424,3.41717499999999,47.0005488019222,1.48122688481718,1.19477248122512,3.1109668309768,0.0640339710881364,0.0789839767870686,2.8012,0.0835179999999998,0.077051,18.1239,0.117385000000002,0.0970949999999995,9.06473240428167e-05,7.67004794348603e-06,7.79601352896596e-06,1.17477579025983e-05,6.39991901617447e-07,5.987768625273e-07,0.0236,0.004176,0.003834,0.0074,0.001834,0.001947,0.4583,0.00445800000000002,0.00376899999999997,0.0417,0.003681,0.00324,0.2637,0.00306600000000001,0.00327099999999997,0.4162,0.00423999999999997,0.00404700000000002
HD113457,2.7531,155.5838,0.0186490000000106,2.90430699999999,387.8916,6.81123600000001,5.22092299999997,12.3965329952152,0.460739665210824,0.00284965376357249,2.17155889692272,0.0475885047250544,0.0594164219729456,17.9834,0.0575070000000011,0.270122999999998,5.1324,0.0809930000000003,0.146775,0.000212253562386127,1.2674172404932e-05,7.44716697605193e-06,2.07948115035337e-06,1.21743001872419e-07,1.06833398191508e-07,0.0113,0.006139,0.011149,0.1114,0.001566,0.006533,0.9895,0.0101589999999999,0.024474,0.0916,0.00548,0.00532299999999999,0.2787,0.000188000000000021,0.00961499999999998,0.2938,0.000549000000000022,0.006776
HD113556,3.1646,83.7298,1.885515,2.896671,456.1379,1.04375800000003,26.401363,9.46939551809115,0.724358714247805,0.428415859065105,0.457506231819339,0.0451421615795827,0.0016493647888125,14.3484,0.357891,1.990474,15.1672,0.536386,0.337313999999999,0.00087368521826314,0.000112974609730176,0.000246174685133239,5.47337227558109e-07,1.6847239893217e-07,3.36498064499543e-08,0.3419,0.017089,0.00888699999999998,0.1493,0.000643000000000005,0.023123,0.3023,0.030724,0.00173899999999999,0.0004,0.007559,9.6e-05,0.1589,0.00500699999999998,0.014499,0.9877,0.00625900000000001,0.00731199999999999
HD113766,1.8594,196.1514,0.733897000000013,0.636866999999995,724.8448,2.75764200000003,2.56303700000001,2.38135097593751,0.0146517018695769,0.0169230012926649,0.374021771085022,0.0021134226906861,0.00226392056272973,15.8854,0.0625799999999987,0.0682160000000014,3.2742,0.0297550000000002,0.0370919999999999,0.00108381457740688,2.14104650854328e-05,2.27697967894063e-05,1.40719728331529e-05,2.49514839103037e-07,1.91393083213766e-07,0.767,0.00197999999999998,0.00194499999999997,0.4976,0.00202400000000003,0.00182399999999999,0.5007,0.00171699999999997,0.00234400000000001,0.5531,0.00222299999999997,0.002247,0.0089,0.001367,0.001468,0.4748,0.00253500000000001,0.00206699999999999
HD114082,5.036,113.3271,0.933577999999997,0.985330000000005,535.0046,3.85839199999998,4.01522499999999,4.46530582957119,0.0986706136718496,0.0903748498866426,0.219031966276634,0.00285826123419336,0.00269193739106843,4.4805,0.106216,0.102697,21.7832,0.186826,0.158228000000001,0.000761824592469232,5.33278009629902e-05,4.46848842451858e-05,4.93009159512136e-07,2.79162955252821e-08,2.95014656377408e-08,0.1024,0.00459999999999999,0.00446000000000001,0.0595,0.004206,0.005091,0.4386,0.00419000000000003,0.00365599999999999,0.4525,0.00455,0.00510700000000003,0.9177,0.00376500000000002,0.00409399999999993,0.7674,0.00473000000000001,0.00558899999999996
HD115361,1.8987,96.0512,2.233722,2.559455,250.3764,7.12203399999999,6.08343199999999,6.45904242541607,0.353417765333823,0.285514707238364,1.08761743875152,0.0522401567769368,0.0565228230055879,17.6857,0.296939999999999,0.281393000000001,29.1514,0.197641000000001,0.220177999999997,0.000397882637380299,0.000109865759491356,8.53372127956534e-05,8.59518023584307e-06,1.83015995544999e-06,1.61146796068795e-06,0.0008,0.006091,0.000248,0.0057,0.003249,0.003825,0.3519,0.00828699999999999,0.00770500000000002,0.7236,0.010873,0.00947200000000004,0.3593,0.00965699999999997,0.00877100000000003,0.9975,0.00216999999999989,0.00522100000000003
HD117214,1.5524,113.9728,0.908561999999989,1.03503500000001,629.464,3.841815,3.76438700000006,5.09901033580701,0.115119403845567,0.0980234119648813,0.181501272355507,0.0020735147004031,0.00206771905666556,4.6421,0.115445,0.110398,28.8358,0.111274000000002,0.126031999999999,0.000589189485590901,4.3548513086338e-05,4.49293702120121e-05,5.22462336164795e-07,2.48240551888388e-08,2.81437445664098e-08,0.0249,0.003548,0.00369,0.0084,0.002192,0.001947,0.8986,0.00418200000000002,0.00490399999999991,0.8408,0.00384300000000004,0.004104,0.8462,0.00422700000000009,0.00385899999999995,0.6009,0.00429400000000002,0.00432199999999994
HD117484,3.4046,97.457,0.96211799999999,5.07525899999999,280.7409,0.371532000000002,9.32316100000003,37.3904517739051,4.86183806439549,0.851319366038204,4.45010281755793,0.280017405762245,0.0104321992460692,8.0329,0.260796000000001,0.0469249999999999,5.565,0.304652,0.00610900000000036,0.000335162165700762,9.70721562238405e-05,2.04218063608721e-05,1.97949763864902e-06,4.83087458970541e-07,6.93588087605189e-08,0.0078,0.008794,0.000410000000000001,0.0123,0.008023,0.000212,0.359,0.00274600000000003,0.00389,0.3366,0.023834,0.00954699999999997,0.3506,0.00661799999999996,0.00368800000000002,0.7722,0.00251800000000002,0.00836099999999995
HD117524,2.829,36.3159,0.318922000000001,6.113124,539.9944,8.51023399999997,16.1352750000001,38.8904905407425,24.6751207026848,0.920148168249234,0.151278626835948,0.00855124694610948,0.00423757706409009,15.9411,0.706483,0.159314,29.9926,0.00238399999999928,0.209833,1.0026629976861e-05,3.00227884145627e-05,4.17910352205594e-06,4.30779460492999e-07,7.2798065967149e-08,1.85687164040622e-09,0.7847,0.0366620000000001,0.00268099999999993,0.5659,0.0102230000000001,0.021396,0.0864,0.022877,0.00529300000000001,0.9998,0.000539999999999985,0.012356,0.7123,0.017301,0.012486,0.6827,0.006552,0.024547
HD117665,2.2089,108.3671,7.041297,1.38185799999999,306.4762,6.97062199999999,3.262587,28.0140954094884,0.975653262650471,4.25783528135483,2.71000685787314,0.0508157425344451,0.103054885052707,3.7801,0.179335,0.0967419999999999,6.9438,0.0893839999999999,0.178816,6.20375999657832e-05,5.08781588042583e-06,1.0521820431579e-05,3.17508230785648e-06,1.94920374799358e-07,3.49556678640494e-07,0.0012,0.002234,0.001024,0.186,0.004249,0.00334599999999999,0.3887,0.00769400000000003,0.00334999999999996,0.1659,0.00728700000000002,0.00350999999999999,0.996,0.00851200000000008,0.015042,0.6381,0.00524199999999997,0.00336400000000003
HD118379,2.146,100.1093,0.40020899999999,1.63324900000001,264.1397,12.114535,1.16679499999998,19.8799586860235,0.671148222717811,0.159762330723908,2.87707149757483,0.0230693136138491,0.224914953982561,13.9354,0.334625000000001,0.239120999999999,10.4225,0.130215,0.162338,0.000336554179346621,3.53844377948937e-05,1.37000938380675e-05,7.32748584266448e-07,9.39781597401407e-09,1.19155933523047e-07,0.0004,0.00396,0.000274,0.1512,0.000513000000000013,0.015816,0.433,0.00170999999999999,0.014269,0.7049,0.00327600000000006,0.013709,0.3879,0.00775399999999998,0.00223300000000004,0.1072,0.015169,0.00436199999999999
HD118588,4.1142,134.3168,2.93173300000001,6.533047,317.7566,3.70927,24.101203,10.7560300568446,1.20916783573592,0.517493515572822,2.06529930644913,0.302711520013364,0.0421151858930835,7.4073,0.604809,0.070843,7.341,0.00886299999999984,0.364106,5.76175766198809e-05,1.22387008243424e-05,4.75314065366397e-07,1.81365629667834e-06,7.23832564529316e-07,4.28816787859213e-08,0.0403,0.009539,7.00000000000006e-05,0.0027,0.003891,0.000158,0.4322,0.00847000000000003,0.00131299999999995,0.5439,0.00466300000000008,0.025402,0.0983,0.00863799999999999,0.017955,0.5498,0.0305270000000001,0.00710200000000005
HD120326,2.1468,121.5966,1.20318300000001,0.850729000000001,247.9322,10.590237,30.444256,5.38632366428929,0.0833740373011738,0.114979418919113,1.12428206748375,0.31691376073957,0.0959319768573521,6.7578,0.201452000000001,0.0933279999999996,6.7628,0.140736,0.418591,0.000310280861083564,1.36458390518057e-05,1.64143880420683e-05,8.89518506445228e-07,8.0148137925259e-07,6.99312951197008e-08,0.0226,0.003811,0.005856,0.4109,0.00528400000000001,0.00825599999999999,0.7764,0.00241000000000002,0.017698,0.8297,0.000317000000000012,0.012375,0.0699,0.006411,0.008139,0.1659,0.001669,0.018108
HD122705,1.9234,89.5353,3.98306199999999,0.672390000000007,395.2302,1.97276299999999,6.25356500000004,37.4455946941574,0.846451310967311,4.47882657953329,1.30798787622466,0.0342219636642374,0.0105447932471012,3.3274,0.475365,0.0275559999999997,7.0393,0.064343,0.30106,2.96999000665446e-05,2.66337433767884e-06,9.15546288444888e-06,4.31275699278245e-07,1.11412998934902e-08,1.44512835372118e-10,0.0844,0.010254,0.002344,0.0373,0.002812,0.006517,0.3249,0.000260000000000038,0.022184,0.7445,0.00245999999999991,0.028501,0.0951,0.022658,0.0018,0.303,0.00397000000000003,0.018123
HD124619,3.395,104.4302,2.91586700000001,0.43441,484.9079,13.680141,1.90341599999999,6.68548055878127,0.0568412353774015,0.359593295066999,0.414758147394136,0.00287125841219721,0.0197918614029109,14.026,0.203949,0.641735000000001,29.1489,0.29992,0.00880000000000081,2.19864436981935e-05,1.45170629818062e-06,5.37201506990975e-06,7.43284348758185e-07,4.15872802391687e-08,8.07668032460054e-08,0.1349,0.012445,0.000271000000000021,0.004,0.002314,0.001753,0.338,0.00729200000000002,0.023975,0.342,0.00838699999999998,0.002666,0.1658,0.005574,0.021466,0.2414,0.010007,0.00207000000000002
HD125541,1.512,121.8294,1.476917,3.26083600000001,393.0424,4.43949200000003,9.09311400000001,4.73391485628857,0.317385223874106,0.133770389827246,0.460937924378455,0.0183973967343252,0.00854588181632576,4.7525,0.156111999999999,0.126340000000001,12.0292,0.121472000000001,0.181692999999999,2.21898817569643e-05,2.89175951013872e-06,1.28321080173131e-06,4.40509205039041e-07,5.10789536892716e-08,8.08600333235134e-09,0.1126,0.008409,0.006636,0.0492,0.011029,0.00519,0.7513,0.00469799999999998,0.00675499999999996,0.4818,0.00446799999999997,0.00505899999999998,0.5741,0.00830699999999995,0.00959500000000002,0.0686,0.020135,0.00805599999999999
HD126062,7.5683,101.1937,1.36382699999999,1.92663800000001,416.2939,5.96290599999998,7.10596500000003,25.1096599146702,1.15642258345062,0.773638547838928,1.63682372190028,0.0469004820807557,0.0375862587563713,6.7139,0.158442,0.170684,14.0071,0.199737000000001,0.259964999999999,0.000125358846712222,1.5213844656641e-05,9.44678028311274e-06,7.19871513267679e-07,7.06445835942838e-08,5.17826507540655e-08,0.0127,0.003801,0.003464,0.0175,0.003529,0.003355,0.5189,0.00720199999999993,0.00655099999999997,0.2916,0.00475499999999995,0.007359,0.03,0.004594,0.005564,0.8823,0.00453500000000007,0.00451800000000002
HD126135,13.2566,91.4506,1.52331000000001,2.90509399999999,333.9714,5.34209799999996,8.30847399999999,82.4245851354812,7.73992789688115,3.67285590093846,5.24172583370277,0.230128990857392,0.139082751505484,4.4268,0.117598,0.0714810000000003,8.8271,0.180260000000001,0.248524999999999,4.44278184009198e-05,1.30610756048396e-05,7.06662627863325e-06,1.51794133721132e-06,1.97384413019494e-07,1.28915946998843e-07,0.4061,0.010422,0.00653800000000004,0.001,0.004257,0.000683,0.713,0.00733400000000006,0.013577,0.557,0.0104099999999999,0.00633400000000006,0.0588,0.007141,0.005175,0.3641,0.00975200000000004,0.018733
HD127750,0.6876,56.316,1.875335,0.259570000000004,292.776,11.941313,0.44787500000001,312.297282670269,4.90087256409674,32.2646713330282,4.12163567686033,0.0113939715280837,0.282604260604983,3.0409,0.0211199999999998,0.098757,3.6506,0.151964,0.0724079999999998,0.00380325099900971,0.00011260277865525,0.000930796136763977,5.59055581854939e-07,1.04496296669477e-08,3.77645563873194e-08,0.0123,0.005814,0.007551,0.1635,0.00201499999999999,0.004917,0.7192,0.00486200000000003,0.00391999999999992,0.7347,0.00469999999999993,0.00536999999999999,0.9777,0.00180899999999995,0.011545,0.7282,0.00268500000000005,0.00480899999999995
HD129590,3.6124,87.3724,0.392594000000003,0.519188,431.6817,1.75927900000005,7.40694199999996,7.0730106245012,0.10118443787966,0.0759544633730691,0.322655801553035,0.0102744092209081,0.00234772266443461,7.3176,0.00165399999999938,0.220548,21.9138,0.191862999999998,0.428649,0.00226128336568701,4.5271338820417e-05,9.94869174906136e-05,4.94145662999394e-07,1.77461604204917e-08,3.33217784899467e-08,0.0496,0.004499,0.001282,0.0012,0.003465,0.000563,0.5438,0.002583,0.0116109999999999,0.9944,0.00202200000000008,0.001668,0.2063,0.003356,0.011343,0.1393,0.00535099999999999,7.99999999999967e-05
HD132238,3.2731,142.6992,3.74640000000002,2.825568,352.0021,17.284919,3.07513899999998,65.7410084191203,2.6262734247255,3.24787671774879,11.189128814889,0.182725000059438,0.946268694990971,23.7659,0.194032,1.152228,23.0643,0.316753000000002,1.814101,7.96626937990008e-05,1.27297945442319e-05,1.4389430184672e-05,5.80971713704722e-06,4.34232700032835e-07,1.26239680260283e-06,0.2564,0.034422,0.00683300000000001,0.1417,0.00389700000000001,0.030464,0.7325,0.00609399999999993,0.016486,0.8565,0.00329999999999997,0.0157390000000001,0.8022,0.00328799999999996,0.0127700000000001,0.0074,0.003962,0.006509
HD133803,7.166,71.3421,2.75737699999999,1.184243,250.0297,0.522909999999996,7.73591099999999,13.5375614277573,0.456766161062102,0.978673568575623,1.23984409880128,0.0746274802556042,0.00487221235681456,25.5906,0.0691789999999983,0.441233999999998,6.218,0.0186739999999999,0.415851,0.0010973748129758,2.65908440496712e-05,0.000286622517655741,5.34632047328069e-06,5.66933790836167e-07,2.22422641999714e-07,0.3321,0.014915,0.00191600000000003,0.0328,0.00195500000000001,0.012461,0.7274,0.00817800000000002,0.020347,0.851,0.00909300000000002,0.000550999999999968,0.0656,0.061587,0.014673,0.0896,0.013573,0.004243
HD134888,3.2297,94.9524,0.998218000000008,1.895946,603.6612,4.30326300000002,14.4634580000001,5.83865791347659,0.244387449528491,0.122691237364849,0.202456607072064,0.00838245978746258,0.00240313000416606,14.0757,0.184068,0.677949999999999,27.0467,0.00929200000000208,0.684874000000001,0.000584998817236389,4.80206542237235e-05,5.83530158920867e-05,4.35667323893125e-07,1.66420605314502e-08,3.38001268120312e-09,0.0395,0.001411,0.011049,0.0896,0.037731,0.013036,0.444,0.008075,0.01004,0.0701,0.003331,0.012983,0.7731,0.02147,0.00379300000000005,0.8217,0.00746800000000003,0.00755499999999998
HD135379,1.6892,155.5333,1.30454700000001,1.19717800000001,420.3608,15.588686,8.799665,8.37206263285112,0.138647920791273,0.146843154072169,1.34481303500418,0.0446594577607766,0.0728094734554256,5.9544,0.191375000000001,0.158333,5.1974,0.180249,0.111793,0.000117315389814783,4.59811479303407e-06,4.31947415189495e-06,1.9189116875021e-06,1.34482501749057e-07,1.85173334970038e-07,0.0044,0.002411,0.003071,0.0237,0.006118,0.010274,0.573,0.00471100000000002,0.010856,0.2613,0.010563,0.024745,0.5389,0.00476999999999994,0.003884,0.7631,0.00284899999999999,0.016951
HD136347,2.8605,43.8027,7.098604,1.774898,501.2727,16.167209,13.286898,322.028523747014,34.0398702107834,97.3057568860305,2.93254175978825,0.118584845748478,0.132755976108967,24.2937,0.402345,0.319474,29.9816,0.0094069999999995,0.214787999999999,2.13135105368779e-06,3.40821539195923e-06,8.59716807239515e-07,4.31275699278245e-07,5.85124855038239e-08,1.22268365016677e-09,0.8541,0.014837,0.016123,0.9974,0.00215799999999999,0.00639099999999992,0.8164,0.017522,0.013275,0.3638,0.020815,0.013743,0.7421,0.012126,0.016706,0.9976,0.00198599999999993,0.00641500000000006
HD136482,2.8729,160.294,3.61868999999999,1.87135900000001,526.7652,15.994462,6.389768,21.9437514852132,0.502637108188171,0.927357283622928,2.60148911963233,0.0526359826443512,0.124776884204318,15.3835,0.243028000000001,0.135494,10.5522,0.209615000000001,0.111530999999999,7.58848339269181e-05,3.4458637132723e-06,4.90233154703085e-06,7.77597737000287e-07,3.89321499348371e-08,7.09448838228316e-08,0.1082,0.006727,0.00447600000000001,0.3827,0.026054,0.007467,0.0793,0.006093,0.007689,0.5307,0.00473800000000002,0.0048999999999999,0.118,0.016002,0.00551499999999999,0.527,0.00968499999999994,0.00594000000000006
HD137057,50.6973,100.3798,1.148527,1.32499800000001,353.1838,3.96145999999999,4.26081500000004,12.4016160659821,0.440292831680058,0.364245650813926,0.971747289311468,0.0214444861695818,0.0192424580179158,4.6716,0.120474000000001,0.112919,28.2899,0.127654,0.138603,0.000113567741206662,6.91763382207599e-06,7.38145840326413e-06,1.26111586155052e-06,1.42774394111916e-07,1.47029877143984e-07,0.1006,0.00420200000000001,0.004382,0.0002,0.001501,2.7e-05,0.1612,0.005187,0.00472500000000001,0.2638,0.00557800000000003,0.00513199999999997,0.1843,0.00390700000000002,0.00372499999999998,0.8283,0.00420799999999999,0.00427500000000003
HD137119,4.4096,163.5998,0.77707700000002,1.89315699999997,346.0071,10.173593,1.161112,6.61042371660796,0.167785765300919,0.0670078911276626,1.5881837412605,0.00898855167366919,0.0746805292754145,5.339,0.0871749999999993,0.200909,8.719,0.178315000000001,0.129482999999999,7.88960005140699e-06,1.07226721379891e-06,5.60415885749304e-07,1.32389940815468e-06,6.39081062239656e-08,1.58423088888915e-07,0.0632,0.00549999999999999,0.0062,0.0287,0.005254,0.003416,0.1516,0.00506799999999999,0.003526,0.2097,0.002972,0.009377,0.1819,0.00150500000000001,0.00992799999999999,0.2639,0.00476599999999999,0.00560100000000002
AlphaCrb,2.1614,127.3464,1.536682,1.002413,999.9738,0.960920999999985,8.95628799999997,30.3041804565522,0.471487881333779,0.704909650414926,0.35268711917436,0.00617179185633726,0.000649619180205896,14.1544,1.207788,1.145969,21.6934,1.008645,0.814857,0.00235155417263173,0.000316045548511415,0.000277385703574402,2.88572530637015e-06,3.48028279751453e-07,3.54323045937883e-07,0.0079,0.011822,0.006863,0.9998,0.00153999999999987,0.015727,0.7374,0.05248,0.0479170000000001,0.2075,0.045213,0.048042,0.4274,0.053793,0.046887,0.0014,0.012732,8.90000000000001e-05
HD138813,2.3971,122.4366,0.993516,0.453276000000002,501.0663,4.08342699999997,3.38914600000004,21.917080740746,0.161067592657535,0.347315393348044,1.80514363137023,0.0188638067335172,0.0222216232561265,14.5308,0.0555710000000005,0.194806999999999,12.3185,0.214941,0.0940209999999997,0.00152354395382771,3.11225533468603e-05,7.03431352492543e-05,1.20463364310993e-06,6.5261669070834e-08,1.19489001942899e-07,0.0757,0.004701,0.010154,0.324,0.00224199999999997,0.00443100000000002,0.3566,0.003112,0.00386899999999996,0.2325,0.00479299999999999,0.00358900000000001,0.8051,0.00282399999999994,0.00319400000000003,0.9494,0.00388100000000002,0.00297599999999998
HD140840,2.0175,98.5415,0.721723999999995,1.200704,417.0804,2.25952699999999,4.507384,30.4021708878916,0.740809705310376,0.431632895211788,2.096139695473,0.036589454769766,0.0179771986605597,18.0315,0.195048999999997,0.113324000000002,7.0471,0.12034,0.08772,0.000855765921688358,5.97735901713527e-05,3.2269241686745e-05,4.42135094084507e-07,2.30052263020501e-08,8.10746693006711e-09,0.1193,0.007504,0.003043,0.5574,0.00236599999999998,0.00539599999999996,0.427,0.00619200000000003,0.00300099999999998,0.2009,0.003778,0.00786799999999999,0.184,0.00253500000000001,0.00506299999999998,0.6716,0.00345899999999999,0.00539199999999995
HD141254,1.3482,79.3361,3.75327899999999,3.924047,462.9468,11.663874,10.819135,8.99315717900162,0.970641050413636,0.796062115532713,0.263150292908873,0.0117952450010693,0.0118714759258949,22.8703,0.567309999999999,0.526581,22.0853,2.684785,0.546652999999999,0.000179868448275442,8.99864332290394e-05,6.48798017495102e-05,4.30977887451807e-07,4.91893119150601e-08,1.43436179018774e-09,0.1612,0.00246299999999999,0.079196,0.8067,0.00964100000000001,0.05364,0.2274,0.033583,0.00836899999999999,0.358,0.027664,0.022298,0.0437,0.016418,0.041466,0.3452,0.030987,0.142842
HD141327,4.7114,78.7987,3.13826900000001,1.47118999999999,357.4159,3.633961,7.359309,82.9295044638288,3.21084659300223,6.2538206715579,4.45886157542449,0.157787912921485,0.0745793357440192,20.9906,0.165541000000001,0.676093000000002,12.0625,0.17475,0.238609,0.000412624478087648,6.918410133345e-05,0.000122619702591624,1.30153241266531e-06,1.33727045555409e-07,9.87619699060059e-08,0.0015,0.001279,0.001312,0.0066,0.002388,0.002618,0.4756,0.00830399999999998,0.00497800000000004,0.1628,0.011609,0.003775,0.7872,0.00607099999999994,0.00617999999999996,0.2534,0.00421499999999997,0.00774200000000003
HD142139,1.4479,120.4113,5.48644900000001,0.0948060000000055,492.1569,41.181501,0.801918999999998,14.9136627513977,0.022371635969904,1.23378740902394,1.03923220649925,0.00274769390352914,0.127383269800314,17.841,0.042787999999998,0.475473000000001,6.8019,1.446243,0.0685219999999997,0.000192422116837867,3.23233447351311e-06,3.5030389343152e-05,4.47460793052962e-07,1.92153864429845e-08,1.53740040504254e-08,0.0879,0.01852,0.000282999999999992,0.388,0.036628,0.011541,0.4086,0.035085,0.000554999999999972,0.5676,0.025525,0.00397500000000006,0.0517,0.015161,0.004887,0.2978,0.000358999999999998,0.015465
HD143675,1.0104,129.9924,1.24393799999999,0.451145999999994,375.883,2.90299700000003,3.60287599999998,6.49042820488882,0.0462535053553097,0.124685586212007,0.929783821903092,0.0151888451339603,0.0119170680212499,10.3576,0.0518909999999995,0.113902,3.4337,0.0569920000000002,0.094506,0.00017432311911458,2.24870423768769e-06,1.01724177508311e-05,5.38585910513691e-07,2.41606002955662e-08,1.57615442772784e-08,0.3579,0.020124,0.011967,0.5223,0.0149940000000001,0.00691799999999998,0.1371,0.014276,0.001834,0.1069,0.003929,0.012233,0.0008,0.015007,0.003993,0.3022,0.005409,0.00281500000000001
HD144587,2.3046,164.5014,0.725878000000023,2.81973599999998,574.3287,6.49224400000003,4.21414500000003,5.97452287407029,0.219346795148814,0.0544694928227845,0.577680396293507,0.00696429957754952,0.0104545544802301,6.3722,0.181405,0.0953690000000007,6.3469,0.164043,0.087523,1.82580750541851e-05,1.80154117365183e-06,5.49621617328576e-07,4.3546673786621e-07,1.50809578127595e-08,3.85376664355491e-09,0.0027,0.002331,0.002372,0.5715,0.0110939999999999,0.00485500000000005,0.3566,0.00853600000000004,0.00507399999999997,0.3086,0.00508500000000001,0.00657099999999999,0.8765,0.00342300000000006,0.00981699999999996,0.3969,0.012117,0.00478799999999996
HD144981,0.886,193.3332,2.60749799999999,5.773934,581.3569,6.71654699999999,4.94185000000004,9.14863892060334,0.583236170481582,0.244504733144041,1.36306403153415,0.0195529230997609,0.0258532119169197,5.3164,0.123684,0.157449,19.8099,0.280446000000001,0.274296,4.10445017497906e-06,5.67158738337372e-07,3.92039341339904e-07,9.83909124276362e-07,1.02783324818657e-07,7.04923104549501e-08,0.0999,0.008785,0.00613,0.3222,0.00501000000000001,0.00738299999999997,0.4405,0.00466,0.00552599999999998,0.3228,0.00535000000000002,0.00625499999999996,0.8594,0.003718,0.00557200000000002,0.7639,0.00845099999999999,0.00819400000000003
HD145263,1.5812,172.5542,0.491905000000003,0.584924000000001,765.8541,4.96190899999999,4.60805400000004,2.14203300828574,0.0139974678296757,0.0118979048484404,0.15829821694839,0.0015766153002057,0.00167340428370166,11.6218,0.0802099999999992,0.0693409999999997,12.1731,0.0689670000000007,0.0704030000000007,0.000465002179019664,8.01617444102284e-06,7.81814270192903e-06,3.82520740663838e-06,7.58408158822065e-08,8.15133863447098e-08,0.0171,0.001117,0.001077,0.1174,0.00136299999999999,0.001656,0.9458,0.00236000000000003,0.00288199999999994,0.1595,0.002359,0.0023,0.1535,0.00321299999999999,0.003272,0.244,0.00287500000000002,0.00334299999999998
HD145554,4.5816,119.2469,1.00330600000001,2.34428699999999,359.8203,7.74290300000001,1.13423,26.0165433681432,1.0251954491578,0.421465144446692,2.91412547628761,0.0159285580300175,0.105207021696079,20.5983,0.0642430000000012,0.163695999999998,11.0729,0.0722300000000011,0.420976000000001,0.000184227724541026,2.66863924486421e-05,1.37112502298766e-05,4.39293713161837e-06,4.71705852981392e-08,4.21008239879552e-07,0.0037,0.020887,0.01337,0.3355,0.028398,0.01485,0.7301,0.0451790000000001,0.02417,0.4713,0.015444,0.00514300000000001,0.7315,0.00243299999999991,0.008521,0.2997,0.018537,0.00713799999999998
HD145631,1.8828,100.5028,3.70045300000001,0.209575999999998,252.2133,1.93754899999999,3.29017899999999,37.9500664017619,0.17791307112082,2.90067594691518,6.17533625446771,0.154883155002152,0.0882049421093045,10.8903,0.40241,0.232981000000001,24.3912,0.0433649999999979,1.762971,7.9919910344038e-06,3.05708484458204e-06,3.22197463427048e-06,1.57635848230842e-05,8.0329939191032e-07,1.80516052639486e-06,0.9488,0.00599300000000003,0.053438,0.1268,0.02017,0.008724,0.5183,0.0105890000000001,0.0152139999999999,0.5721,0.01555,0.0225080000000001,0.721,0.011455,0.0171789999999999,0.4369,0.012473,0.01052
HD145972,6.3482,87.4166,3.910408,1.166691,468.2738,9.15303499999999,9.71540399999998,18.9900532593081,0.817359776382695,2.41824471818432,0.375451772625782,0.0122892738851748,0.0109420158480457,2.2013,0.276282,0.213701,11.8695,0.543512999999999,0.0188389999999998,0.000128633767003948,1.66649421628459e-05,3.82785041598407e-05,5.87969756831762e-07,5.39718706004601e-08,3.19657523660205e-08,0.139,0.019045,0.00793000000000002,0.1949,0.010669,0.048463,0.4614,0.076402,0.00293099999999996,0.0593,0.011713,0.010184,0.631,0.00609700000000002,0.032246,0.8953,0.012732,0.00727800000000001
HD145689,0.9089,132.0836,1.030114,6.21582299999999,651.1121,18.876605,39.36126,10.1967522488906,1.0114629129133,0.157549769758177,0.554746824883118,0.067259418834234,0.0308966579877676,14.8363,0.673389,0.0570129999999995,19.9244,0.0803309999999975,0.910594999999997,4.31275699278245e-05,9.55545646747274e-06,4.57262786909433e-07,8.14057324104948e-07,1.48326954167346e-07,1.61646748045358e-08,0.0259,0.008516,0.002077,0.0219,0.001748,0.004173,0.2539,0.016887,0.000898999999999983,0.8467,0.023598,0.00786699999999996,0.4241,0.021313,0.00397500000000001,0.4534,0.014931,0.000296999999999992
HD146606,1.9734,70.1728,0.981594000000001,2.26144199999999,308.3474,3.255179,8.13856800000002,163.463301824454,18.1950860902727,7.11552870476504,3.62294290906997,0.171976610868818,0.0650508838413546,2.9431,0.281896,0.00550699999999971,6.5989,0.207269999999999,0.188547000000001,0.000584056670032108,0.000145223693731521,0.000106672019487118,2.31555439764963e-06,2.82417990691896e-07,8.75273703646934e-08,0.0059,0.001847,0.003249,0.0109,0.003587,0.00268,0.2607,0.00545100000000004,0.00517699999999999,0.2053,0.00486,0.005492,0.7379,0.00209099999999995,0.012804,0.7689,0.00632199999999994,0.00623700000000005
HD146897,2.2652,98.3299,0.172671999999991,1.960774,284.4016,7.50477099999995,19.11198,6.57164609936237,0.328058602441389,0.027567349564892,0.762297264037548,0.104164734389557,0.0383531785869249,6.4476,0.0193729999999999,0.208738,16.6918,0.0908359999999995,0.115513,0.00170669135256418,0.000128885717428675,5.27805857571571e-05,2.14810243801774e-06,1.18702295174655e-06,1.94271228603262e-07,0.022,0.018444,0.007415,0.0879,0.00553999999999999,0.00253700000000001,0.2105,0.00369900000000001,0.00542699999999999,0.8243,0.000628999999999991,0.00770300000000002,0.6054,0.00277500000000008,0.0121,0.094,0.00430999999999999,0.003924
HD147010,2.8126,104.0969,0.72784,3.887191,196.2052,1.33137300000001,3.03126999999998,55.5696104866875,4.69707823249101,0.815619133740313,15.8510528381286,0.479745256287256,0.204820905734087,11.2148,0.163415000000001,0.382587000000001,23.9971,0.568601000000001,1.654709,0.000290974538478674,7.17755900156237e-05,4.45782457497502e-05,8.30911917611905e-05,7.91629008118257e-06,8.12538148914128e-06,0.4081,0.056118,0.00960300000000003,0.2153,0.019478,0.008632,0.198,0.006413,0.010003,0.3217,0.00483,0.013238,0.6755,0.037853,0.00547200000000003,0.1157,0.006423,0.032227
HD147137,17.2668,117.8407,2.408733,2.962771,239.1703,6.21966700000002,7.75193999999999,11.8744590527049,0.617108144806336,0.46690254435995,3.13027797710723,0.20025652296012,0.146293433886582,14.2948,0.115271999999999,0.307612000000001,6.5704,0.155228,0.252714,0.00012068547053311,1.0904964247198e-05,1.07950508902781e-05,2.06374002920497e-06,4.65384589220939e-07,3.30901450778557e-07,0.2899,0.01791,0.006882,0.4484,0.014449,0.003834,0.1523,0.028711,0.013964,0.0052,0.022139,0.009366,0.1571,0.004472,0.00687699999999999,0.6159,0.03586,0.00651999999999997
HD147594,15.8076,81.2862,10.980288,13.414631,402.4621,17.490287,19.232178,7.43760172550598,4.53855216263208,2.00886845036725,0.294745702616403,0.0268799626942383,0.0214607184064536,6.2267,1.079315,1.268236,24.6415,1.553603,1.365663,5.5176606659405e-05,6.26579791983336e-05,2.67382732292428e-05,5.66050251924992e-07,1.05375556765529e-07,9.54232154034455e-08,0.0014,0.038174,0.002795,0.0466,0.025518,0.027265,0.89,0.03794,0.037948,0.5132,0.03868,0.039497,0.1325,0.032894,0.027589,0.3516,0.040168,0.045173
HD151109,20.0829,96.6731,1.47064499999999,0.675882000000001,269.0181,4.99055099999998,2.737235,103.222183824157,1.48844463787891,3.14207214977787,14.1643416940761,0.263904842594869,0.459862104207835,12.1263,0.151285,0.0895590000000013,8.0597,0.168569,0.0901919999999992,0.000496312242471689,3.06727786342544e-05,3.32877095214704e-05,4.80236304086462e-06,2.29038874995563e-07,3.99491180525272e-07,0.1134,0.00618100000000001,0.004467,0.0691,0.005316,0.016973,0.8715,0.00683599999999995,0.00651100000000004,0.4253,0.00391599999999998,0.00479600000000002,0.0908,0.00550299999999999,0.037192,0.7483,0.00515900000000002,0.00451599999999996
HD157728,3.9742,103.2059,0.838425999999998,0.769490000000005,480.8797,4.41108399999996,5.007588,9.59920346957191,0.151847621767129,0.161285789085078,0.54615280135088,0.01058824328235,0.00906345595743774,10.9357,0.130822,0.0914490000000008,23.6899,0.0980279999999993,0.104411000000002,0.00225556313586309,8.59396842083204e-05,8.09397366574689e-05,1.60418698312411e-06,1.41034761690616e-07,9.15775617851861e-08,0.0041,0.001637,0.001497,0.0355,0.002944,0.002539,0.2501,0.00648199999999999,0.003968,0.9893,0.009579,0.00226999999999999,0.5727,0.00402900000000006,0.00331400000000004,0.476,0.00442100000000001,0.00355800000000001
HD159492,3.0339,122.1641,1.059136,0.970216000000008,298.2135,2.196417,2.42663500000003,10.1536591040507,0.179712313595292,0.190559103525677,1.82063073952268,0.0267946621681485,0.0236202018781468,7.0187,0.0822960000000004,0.0856979999999998,4.0569,0.0723530000000006,0.0628469999999997,0.000271115899897577,8.53056406779971e-06,9.0810726477546e-06,4.58094405553427e-06,2.1874710612682e-07,1.84186246845287e-07,0.0453,0.002503,0.002912,0.0047,0.001432,0.001635,0.4185,0.00212000000000001,0.00242500000000001,0.3934,0.00230699999999995,0.00243100000000002,0.2521,0.00228699999999998,0.0025,0.5144,0.00260300000000002,0.00269399999999997
GamOph,11.7168,96.8024,0.927022999999991,0.611919,520.903,2.74349499999994,4.37038100000007,28.2925301375339,0.38492042188285,0.569290419051981,1.06388924317949,0.0158816541042193,0.00982752031465362,10.2254,0.0946660000000001,0.100592000000001,10.8825,0.11042,0.0903220000000005,0.00355267097631895,0.000144629580798909,0.000187345634804258,2.12400232605e-06,1.71535778844811e-07,1.30222731811405e-07,0.0816,0.006606,0.00594500000000001,0.9296,0.00387700000000002,0.00456499999999993,0.5865,0.00276299999999996,0.004413,0.3366,0.00334600000000002,0.005133,0.2817,0.00674999999999998,0.014071,0.4817,0.00652700000000001,0.027221
HD164029,13.8727,70.0812,1.57384300000001,5.06158599999999,801.8265,2.46419100000003,17.459213,17.3722583526758,3.40027206241553,0.882493805147728,0.189591457229189,0.00843115917247861,0.00114257623008451,10.7232,0.156889,0.121359,29.8916,0.0986650000000004,0.126446999999999,0.000665970493927792,0.000306627098087578,0.000113557993418491,1.624257901011e-05,7.09573444097521e-07,3.82988027792103e-07,0.5795,0.00212899999999994,0.012512,0.0008,0.001092,0.000448,0.6865,0.00818600000000003,0.00179499999999999,0.9911,0.00862399999999997,0.00296099999999999,0.1982,0.00837200000000002,0.00379199999999999,0.7039,0.00682900000000009,0.00831300000000001
HD169666,8.694,157.5437,0.636475999999988,1.39249599999999,756.0842,17.7455619999999,1.55702099999996,2.30959622659512,0.0432263850083445,0.0194774789135699,0.147015015804976,0.000518858408566053,0.00568334772224258,6.9114,0.0599279999999993,0.113292,11.4522,0.130821000000001,0.0514320000000001,5.51385051711152e-05,2.19823290558733e-06,1.30275099234607e-06,4.35266244191307e-07,8.42337426599188e-09,3.39877861674269e-09,0.0742,0.001523,0.005222,0.5973,0.000142000000000087,0.0098370000000001,0.1082,0.000448999999999991,0.009357,0.3519,0.00102600000000003,0.00623699999999999,0.048,0.006336,0.000752000000000003,0.6298,0.001413,0.0116550000000001
HD169022,9.9488,141.9014,3.92889099999999,0.564217999999983,888.8639,5.09444599999995,20.037708,60.4572235982337,0.466982063189278,3.10781538692954,1.44466043754083,0.0624915870252532,0.0154503042269496,15.9327,0.591799999999999,0.163598999999998,8.3106,0.0954219999999992,0.00873499999999972,0.00036103972358838,2.45170774015152e-05,6.07691897083203e-05,1.78219404429602e-06,3.73652444237371e-07,1.05705292824868e-07,0.0777,0.042348,0.02209,0.9961,0.00362899999999999,0.00149599999999994,0.6316,0.0170119999999999,0.00191699999999995,0.2015,0.010166,0.003055,0.1146,0.011328,0.00313799999999999,0.216,0.00965299999999999,0.00519900000000001
HD172555,3.0407,216.461,0.746866999999981,0.549152000000021,670.9056,6.10034999999993,1.30760100000009,3.07081895363806,0.0149848962912964,0.0199710757693121,0.57509113275792,0.00154157587599579,0.00706538867090889,23.9018,0.122609999999998,0.0460720000000023,1.6601,0.0650840000000001,0.042608,0.00135473698684933,1.75653673706313e-05,2.41216541993015e-05,2.69683880106078e-06,1.21675402136825e-07,6.74152638465671e-08,0.0105,0.007224,0.010309,0.0994,0.019306,0.012515,0.6927,0.00854600000000005,0.00105100000000002,0.2208,0.00235099999999999,0.012869,0.4248,0.00651199999999996,0.00115500000000002,0.6248,0.00717899999999994,0.00100200000000006
EtaTel,3.294,120.4862,1.10621400000001,1.05312499999999,303.3103,3.89338700000002,3.24257899999998,17.8372026328252,0.307412663548828,0.314424362509442,2.95967133529093,0.0565932061438592,0.0654371309235526,20.5692,0.0947069999999997,0.110250999999998,5.0029,0.0584829999999998,0.0754290000000006,0.00311497803070422,0.000118662473526226,0.000153369784847452,1.43997511877306e-05,8.14459607945657e-07,8.76100922366015e-07,0.094,0.004089,0.003667,0.0921,0.00255,0.002068,0.2317,0.00253700000000001,0.00350599999999998,0.393,0.00400200000000001,0.00311900000000004,0.2065,0.00235200000000002,0.00293599999999999,0.3167,0.00564800000000004,0.00569599999999998
HD181327,0.4078,81.8966,0.800224,0.370658000000006,338.8969,1.85505999999998,7.52132800000004,9.35974113645001,0.108135382980464,0.229143500952453,0.403403522809188,0.0160920492654695,0.0037984262485975,6.2496,0.394126,0.0183489999999997,5.6602,0.02644,0.144177999999999,0.00637756638614755,0.000543952947680094,0.000177744661738467,4.42033300436712e-07,5.70573662781878e-08,5.99122487321903e-09,0.0233,0.000756,0.008294,0.3803,0.00312999999999997,0.00463100000000005,0.752,0.000275000000000025,0.00755899999999998,0.2056,0.006414,0.002807,0.3322,0.00631399999999999,0.017911,0.0337,0.000442999999999999,0.010275
HD182919,3.5015,101.9793,3.958403,1.364914,279.9974,6.59781999999996,3.30025900000004,30.8979347827022,0.877910533118463,2.34488648013783,4.0179643472009,0.0879465257789951,0.166535097346414,11.237,0.492084,0.146957,12.118,1.790315,0.270871,0.000143138014267575,1.97357609036374e-05,2.49316459328344e-05,6.94792286019833e-06,1.32478307306484e-06,2.96304395645394e-07,0.0236,0.031566,0.000116000000000002,0.3051,0.052998,0.004797,0.4433,0.00437100000000001,0.0518420000000001,0.4253,0.025254,0.00356300000000004,0.1209,0.016623,0.01275,0.0682,0.00569,0.011894
HD184930,3.954,119.9208,28.823198,5.980728,690.5651,49.159635,27.645116,290.723470711406,30.6013107940302,99.5122639276503,12.1709885646999,0.894275373250791,1.37571375974363,22.294,1.139534,1.160207,23.4906,1.162457,1.154323,4.83119968203085e-07,0.0549350769798718,2.64389212480119e-08,1.35879827862035e-06,2.65515630875468e-07,3.22264896740144e-07,0.1229,0.059765,0.044366,0.8001,0.045497,0.0595340000000001,0.2222,0.09714,0.021445,0.396,0.058966,0.050287,0.5141,0.056126,0.050414,0.6703,0.067402,0.0396300000000001
HD191174,22.1639,117.8543,3.098595,4.20387699999999,456.9931,10.293656,23.466134,16.5898684071222,1.36658602333831,0.905631917306955,1.31521802668849,0.115799021541714,0.0458839533291218,7.4742,0.638368,0.43392,6.9243,0.0718360000000002,0.890879,3.56660478603405e-05,3.84270576744325e-05,8.82337653869111e-06,5.90547707628186e-07,1.02539039861363e-07,9.00185136083897e-08,0.0056,0.016113,0.004979,0.0279,0.003042,0.014009,0.6802,0.055578,0.011552,0.9191,0.029152,0.00995699999999999,0.3942,0.00975799999999999,0.021012,0.2128,0.036371,0.081057
