wave,weight,flux,flag,segment
Double,Double,Double,Integer,Integer
micrometer,,Jy,,
Wavelength,weight,flux,flag,segment
69.79963800656384,1.0,-0.3927370106429912,0,0
69.81931843557075,1.0,-1.1143037972062344,0,0
69.83899856651297,1.0,1.6111683981838645,0,0
69.85867839764063,1.0,0.5935355080425767,0,0
69.87835792720252,1.0,3.058172051282298,0,0
69.89803715344601,1.0,0.051056365306265214,0,0
69.9177160746171,1.0,-0.3858594964475543,0,0
69.93739468896044,1.0,0.8397064361547977,0,0
69.95707299471923,1.0,1.4834122161711136,0,0
69.97675099013537,1.0,2.0996210361834255,0,0
69.99642867344929,1.0,1.8575977099754715,0,0
70.0161060429001,1.0,1.885697658799011,0,0
70.03578309672552,1.0,1.429660833054041,0,0
70.05545983316185,1.0,2.611585306973553,0,0
70.07513625044402,1.0,0.9891960667148866,0,0
70.09481234680561,1.0,2.223765337537919,0,0
70.11448812047877,1.0,3.2715994607424754,0,0
70.1341635696943,1.0,1.5534822483957496,0,0
70.15383869268159,1.0,1.6427451973354983,0,0
70.17351348766866,1.0,2.2836528378616126,0,0
70.19318795288214,1.0,2.0600885590775846,0,0
70.21286208654726,1.0,1.67937077050537,0,0
70.23253588688792,1.0,1.5461842605857405,0,0
70.25220935212656,1.0,1.6600590916207385,0,0
70.27188248048428,1.0,2.3642343838278017,0,0
70.29155527018078,1.0,2.18302353533299,0,0
70.31122771943438,1.0,1.7609679013501063,0,0
70.330899826462,1.0,2.139852347677656,0,0
70.35057158947922,1.0,2.1076637063447268,0,0
70.37024300670015,1.0,2.1252239271130082,0,0
70.3899140763376,1.0,2.1409666191768815,0,0
70.40958479660294,1.0,1.8684411464191748,0,0
70.42925516570617,1.0,1.406730956900462,0,0
70.44892518185591,1.0,2.4808550093697077,0,0
70.46859484325935,1.0,1.749810377093826,0,0
70.48826414812238,1.0,1.9565312307336118,0,0
70.50793309464942,1.0,2.362279669097251,0,0
70.52760168104354,1.0,2.218604807098465,0,0
70.5472699055064,1.0,1.9603594779392564,0,0
70.56693776623828,1.0,2.52662698031704,0,0
70.5866052614381,1.0,1.503777751682392,0,0
70.60627238930336,1.0,2.4927527423367515,0,0
70.62593914803017,1.0,2.025667289651839,0,0
70.64560553581329,1.0,2.742190798881575,0,0
70.66527155084603,1.0,1.602610637450641,0,0
70.68493719132037,1.0,2.434154959784319,0,0
70.70460245542687,1.0,2.271241034985405,0,0
70.72426734135469,1.0,2.3236897834423695,0,0
70.74393184729163,1.0,2.5693537529736643,0,0
70.76359597142408,1.0,2.472932729714083,0,0
70.78325971193706,1.0,2.8436644869539265,0,0
70.80292306701419,1.0,2.230983525450906,0,0
70.82258603483768,1.0,2.4872909289470657,0,0
70.84224861358838,1.0,2.1035196738715918,0,0
70.86191080144573,1.0,2.0877620475956378,0,0
70.88157259658779,1.0,2.006128208763754,0,0
70.90123399719123,1.0,2.080052970133191,0,0
70.92089500143132,1.0,1.91956003852157,0,0
70.94055560748197,1.0,1.7813578489708637,0,0
70.96021581351562,1.0,2.064791283797048,0,0
70.97987561770341,1.0,1.8115410059682462,0,0
70.99953501821507,1.0,1.7836310027267457,0,0
71.0191940132189,1.0,1.7320654508997526,0,0
71.03885260088181,1.0,2.1930684792535815,0,0
71.05851077936936,1.0,1.3963506239996257,0,0
71.07816854684569,1.0,2.263993311583441,0,0
71.09782590147356,1.0,2.2697140114254655,0,0
71.11748284141431,1.0,1.9122145932967891,0,0
71.13713936482795,1.0,2.152692992535107,0,0
71.15679546987302,1.0,1.416021835469334,0,0
71.17645115470671,1.0,1.7774564726087823,0,0
71.19610641748484,1.0,2.1077969543476844,0,0
71.21576125636179,1.0,1.5932406224921363,0,0
71.23541566949055,1.0,2.032508796692462,0,0
71.25506965502274,1.0,1.718943425163094,0,0
71.27472321110861,1.0,1.321784134221377,0,0
71.29437633589696,1.0,1.7590361309354035,0,0
71.31402902753521,1.0,2.0228669298384845,0,0
71.33368128416944,1.0,2.001733733667029,0,0
71.3533331039443,1.0,1.563066047023018,0,0
71.372984485003,1.0,1.7895896272885112,0,0
71.39263542548741,1.0,1.9261127484368072,0,0
71.41228592353801,1.0,1.593713176768982,0,0
71.43193597729388,1.0,1.4485355650029128,0,0
71.45158558489268,1.0,1.7261008818168349,0,0
71.4712347444707,1.0,1.4590721537305817,0,0
71.49088345416283,1.0,1.621208882411673,0,0
71.51053171210255,1.0,1.655958322203271,0,0
71.53017951642197,1.0,2.122231193970577,0,0
71.54982686525179,1.0,1.9720121749968835,0,0
71.56947375672132,1.0,1.3136840018528138,0,0
71.58912018895847,1.0,1.7485689800498063,0,0
71.60876616008979,1.0,1.4547750779365636,0,0
71.62841166824036,1.0,1.6263110516817934,0,0
71.64805671153394,1.0,1.9270782264197994,0,0
71.66770128809284,1.0,1.5234688432244683,0,0
71.68734539603801,1.0,1.4607024894318192,0,0
71.70698903348898,1.0,1.6805526178489885,0,0
71.7266321985639,1.0,1.968014680931405,0,0
71.74627488937952,1.0,1.6463220298325114,0,0
71.7659171040512,1.0,1.5034795384272153,0,0
71.7855588406929,1.0,1.7173131164151272,0,0
71.80520009741717,1.0,1.333864467863947,0,0
71.82484087233517,1.0,1.8628011046326878,0,0
71.84448116355668,1.0,1.6502292345214586,0,0
71.86412096919007,1.0,2.231143363054688,0,0
71.88376028734231,1.0,2.0700085305280522,0,0
71.90339911611898,1.0,1.5281857105535142,0,0
71.92303745362426,1.0,1.6704251911556878,0,0
71.94267529796095,1.0,1.7819032372363086,0,0
71.9623126472304,1.0,2.4029029769577006,0,0
71.98194949953263,1.0,1.6660171562796253,0,0
72.00158585296622,1.0,2.377143063141014,0,0
72.02122170562836,1.0,1.7292367342997912,0,0
72.04085705561485,1.0,1.7352576566641387,0,0
72.06049190102011,1.0,2.0695086603391766,0,0
72.08012623993713,1.0,2.2564070578851214,0,0
72.09976007045748,1.0,1.774980713148983,0,0
72.1193933906714,1.0,1.9477622357404445,0,0
72.13902619866772,1.0,1.859158114405634,0,0
72.15865849253379,1.0,1.4214812189779846,0,0
72.17829027035566,1.0,2.0120310061327165,0,0
72.19792153021794,1.0,2.0394703118930053,0,0
72.21755227020385,1.0,1.5554781923127003,0,0
72.2371824883952,1.0,2.384742502855537,0,0
72.2568121828724,1.0,1.5119910762878304,0,0
72.27644135171445,1.0,1.7035446033771366,0,0
72.29606999299901,1.0,2.130505911558136,0,0
72.3156981048023,1.0,1.5760244923276494,0,0
72.3353256851991,1.0,1.8460838085377902,0,0
72.35495273226286,1.0,1.832839890807868,0,0
72.37457924406561,1.0,1.9014561501462222,0,0
72.39420521867797,1.0,1.3123703781721296,0,0
72.41383065416916,1.0,1.3556601493114893,0,0
72.43345554860701,1.0,2.0027204481672176,0,0
72.45307990005794,1.0,1.9298491149226822,0,0
72.472703706587,1.0,2.2165239351381385,0,0
72.49232696625778,1.0,1.7684914474580373,0,0
72.51194967713253,1.0,2.081394866884857,0,0
72.53157183727208,1.0,1.8441999451730842,0,0
72.55119344473584,1.0,2.1276902718365154,0,0
72.57081449758186,1.0,2.0365347297572547,0,0
72.59043499386678,1.0,2.260479803969224,0,0
72.61005493164578,1.0,2.049205422169719,0,0
72.62967430897271,1.0,1.9133709484719914,0,0
72.64929312390002,1.0,1.543893991599134,0,0
72.66891137447871,1.0,1.8429791119838548,0,0
72.6885290587584,1.0,2.272256129318215,0,0
72.70814617478736,1.0,2.032504336140693,0,0
72.72776272061236,1.0,2.232223963709232,0,0
72.74737869427886,1.0,1.8492978205941561,0,0
72.76699409383087,1.0,1.8665646674952183,0,0
72.78660891731101,1.0,2.149022173221652,0,0
72.80622316276052,1.0,1.9556340540665949,0,0
72.8258368282192,1.0,1.5263875500762911,0,0
72.84544991172547,1.0,2.4367655583183945,0,0
72.86506241131636,1.0,2.2394075998615532,0,0
72.8846743250275,1.0,1.4570333162303883,0,0
72.90428565089309,1.0,2.0743175283057234,0,0
72.92389638694596,1.0,2.444856522407786,0,0
72.94350653121748,1.0,1.7636976819660517,0,0
72.96311608173772,1.0,2.315714627953116,0,0
72.98272503653527,1.0,2.166591450280404,0,0
73.00233339363731,1.0,1.6511520118023943,0,0
73.02194115106971,1.0,2.0596166082393963,0,0
73.04154830685681,1.0,2.456382082154363,0,0
73.06115485902167,1.0,2.192796494581314,0,0
73.08076080558587,1.0,1.948604711550074,0,0
73.10036614456959,1.0,2.6929019149682354,0,0
73.11997087399166,1.0,2.455987609161786,0,0
73.13957499186947,1.0,1.64913482197918,0,0
73.15917849621901,1.0,2.4328285862448964,0,0
73.17878138505488,1.0,2.015115953857067,0,0
73.19838365639026,1.0,2.2088702793580155,0,0
73.21798530823693,1.0,1.8660115767121914,0,0
73.23758633860533,1.0,2.1693255035555787,0,0
73.25718674550437,1.0,1.7327718256504359,0,0
73.27678652694168,1.0,2.08825867940539,0,0
73.29638568092344,1.0,1.8615586447460128,0,0
73.3159842054544,1.0,1.8571838934787441,0,0
73.33558209853796,1.0,2.09671805871913,0,0
73.35517935817607,1.0,2.0308101276935933,0,0
73.37477598236933,1.0,1.7092284145625223,0,0
73.39437196911689,1.0,2.1457971909434366,0,0
73.41396731641652,1.0,2.134946623578032,0,0
73.43356202226455,1.0,2.3267596266157535,0,0
73.45315608465599,1.0,1.8708481031073492,0,0
73.47274950158436,1.0,1.8329311323124229,0,0
73.49234227104185,1.0,1.923679493169042,0,0
73.51193439101917,1.0,2.0972960913406355,0,0
73.53152585950568,1.0,2.060505696488282,0,0
73.55111667448932,1.0,1.9945224667834554,0,0
73.57070683395665,1.0,2.050595487490633,0,0
73.59029633589282,1.0,1.682087226705824,0,0
73.60988517828152,1.0,2.086558661139605,0,0
73.6294733591051,1.0,1.8518707895348052,0,0
73.6490608763445,1.0,1.8747525760420392,0,0
73.66864772797925,1.0,2.240597357935568,0,0
73.68823391198748,1.0,1.7248798409932897,0,0
73.70781942634588,1.0,1.8299118137387744,0,0
73.72740426902979,1.0,2.24541725561206,0,0
73.7469884380131,1.0,1.8093497882382423,0,0
73.76657193126834,1.0,1.6116030540449484,0,0
73.78615474676663,1.0,2.1836492264534964,0,0
73.80573688247763,1.0,1.6838029196344508,0,0
73.82531833636966,1.0,1.9887754724998283,0,0
73.84489910640964,1.0,1.9347380262124247,0,0
73.86447919056303,1.0,1.849797743716284,0,0
73.88405858679394,1.0,2.110858854143647,0,0
73.90363729306506,1.0,1.9508823013667351,0,0
73.92321530733764,1.0,1.7792830700654263,0,0
73.94279262757159,1.0,2.0494134704299474,0,0
73.96236925172536,1.0,1.820000727125545,0,0
73.98194517775605,1.0,2.198640575919025,0,0
74.00152040361931,1.0,1.8817203127887363,0,0
74.02109492726942,1.0,1.8801390495755212,0,0
74.04066874665921,1.0,2.0022628395860687,0,0
74.06024185974015,1.0,2.0998253824400854,0,0
74.0798142644623,1.0,2.2432023353877333,0,0
74.0993859587743,1.0,1.7824953495406004,0,0
74.1189569406234,1.0,2.152864357463223,0,0
74.13852720795546,1.0,2.0640057119018107,0,0
74.15809675871489,1.0,1.7345344499054824,0,0
74.17766559084473,1.0,1.5633081792476913,0,0
74.19723370228662,1.0,1.7226545796335848,0,0
74.2168010909808,1.0,1.7678567196207509,0,0
74.23636775486605,1.0,2.0547698487672363,0,0
74.25593369187982,1.0,1.7745168926794133,0,0
74.27549889995812,1.0,1.8946404633313805,0,0
74.29506337703558,1.0,1.9844308944461568,0,0
74.31462712104536,1.0,2.0685361941768203,0,0
74.33419012991929,1.0,1.9093712362451918,0,0
74.35375240158778,1.0,1.8109790614967511,0,0
74.37331393397982,1.0,2.027532345666299,0,0
74.39287472502298,1.0,1.9822364813511733,0,0
74.41243477264348,1.0,1.6280165705447613,0,0
74.43199407476608,1.0,2.023651580148906,0,0
74.45155262931416,1.0,2.1796726170660454,0,0
74.47111043420972,1.0,1.879380550762543,0,0
74.49066748737332,1.0,1.4973693100006689,0,0
74.51022378672413,1.0,1.7198001407670678,0,0
74.5297793301799,1.0,2.186668625583251,0,0
74.549334115657,1.0,1.7507364927401097,0,0
74.5688881410704,1.0,2.2420121056433766,0,0
74.58844140433365,1.0,1.8676018414067612,0,0
74.60799390335887,1.0,2.0122796521469826,0,0
74.62754563605685,1.0,1.7773531682685537,0,0
74.6470966003369,1.0,2.223263396558993,0,0
74.66664679410695,1.0,1.6300480804654423,0,0
74.68619621527357,1.0,1.8122418977988655,0,0
74.70574486174186,1.0,2.5383659183152543,0,0
74.72529273141555,1.0,1.999677578619657,0,0
74.74483982219698,1.0,1.796611417790815,0,0
74.76438613198704,1.0,1.9416346624785454,0,0
74.78393165868528,1.0,2.1288781028463903,0,0
74.80347640018977,1.0,1.8920675117176549,0,0
74.82302035439724,1.0,1.8585131017544179,0,0
74.84256351920303,1.0,1.9689354856910926,0,0
74.86210589250098,1.0,1.8650067522310225,0,0
74.8816474721836,1.0,2.1494049963757678,0,0
74.90118825614199,1.0,2.0422889564482323,0,0
74.92072824226585,1.0,1.8718225666171038,0,0
74.94026742844346,1.0,1.9517456754103637,0,0
74.95980581256168,1.0,2.2719321144643785,0,0
74.97934339250602,1.0,2.0242213487169387,0,0
74.99888016616055,1.0,1.8279712445291465,0,0
75.01841613140792,1.0,2.1125128034421587,0,0
75.03795128612938,1.0,2.200250304652085,0,0
75.05748562820486,1.0,1.6785873654763297,0,0
75.07701915551276,1.0,2.2181101084349715,0,0
75.09655186593017,1.0,1.9157699299649695,0,0
75.11608375733272,1.0,1.8767531172699965,0,0
75.13561482759468,1.0,1.6130319972519618,0,0
75.1551450745889,1.0,1.8767492268605355,0,0
75.17467449618681,1.0,1.785855421205589,0,0
75.19420309025844,1.0,1.7238044191148383,0,0
75.21373085467243,1.0,1.6732651917205827,0,0
75.23325778729604,1.0,1.8590753284334005,0,0
75.25278388599509,1.0,1.8456768831853,0,0
75.272309148634,1.0,1.9678274551621753,0,0
75.29183357307579,1.0,1.9832879422616494,0,0
75.31135715718209,1.0,1.5263981227673953,0,0
75.33087989881312,1.0,1.7197115646329146,0,0
75.35040179582768,1.0,1.7630109147845092,0,0
75.36992284608321,1.0,1.740280575482772,0,0
75.38944304743569,1.0,2.110121470783555,0,0
75.40896239773974,1.0,2.2267358517558256,0,0
75.42848089484858,1.0,2.054327779371276,0,0
75.44799853661397,1.0,1.522142633836354,0,0
75.46751532088635,1.0,1.9161900833908994,0,0
75.48703124551469,1.0,1.7613116580480952,0,0
75.50654630834657,1.0,1.6498818774341626,0,0
75.52606050722821,1.0,2.13046847540176,0,0
75.54557384000441,1.0,1.6982138053619413,0,0
75.5650863045185,1.0,1.8992868943565187,0,0
75.58459789861251,1.0,1.948557329876524,0,0
75.60410862012702,1.0,2.179645551667232,0,0
75.62361846690118,1.0,1.7382983625317985,0,0
75.64312743677279,1.0,2.2838996452903824,0,0
75.6626355275782,1.0,1.980870065290034,0,0
75.6821427371524,1.0,1.8221895524053897,0,0
75.70164906332896,1.0,1.6936390121957206,0,0
75.72115450394003,1.0,1.8060184002769912,0,0
75.7406590568164,1.0,1.804654721966632,0,0
75.76016271978742,1.0,1.7370367730496206,0,0
75.77966549068103,1.0,2.119041441533076,0,0
75.79916736732383,1.0,2.1532673773691418,0,0
75.81866834754095,1.0,1.8186780575777866,0,0
75.83816842915614,1.0,2.0460761187462126,0,0
75.85766760999178,1.0,1.6069603160977899,0,0
75.87716588786881,1.0,1.9869310429903881,0,0
75.89666326060677,1.0,1.911124703742607,0,0
75.91615972602384,1.0,1.5567182683602778,0,0
75.93565528193672,1.0,2.2256166345343718,0,0
75.9551499261608,1.0,1.9010205763702908,0,0
75.97464365651,1.0,1.9252870835377587,0,0
75.99413647079687,1.0,2.270380738988465,0,0
76.01362836683256,1.0,1.6506836575484523,0,0
76.03311934242683,1.0,1.9478479764626744,0,0
76.05260939538798,1.0,2.2911356387478747,0,0
76.07209852352298,1.0,1.9343331027367765,0,0
76.09158672463735,1.0,1.8211876273070131,0,0
76.11107399653525,1.0,1.801899061565666,0,0
76.1305603370194,1.0,1.6971973405043332,0,0
76.15004574389116,1.0,1.7837122018105804,0,0
76.16953021495044,1.0,2.3943231239614624,0,0
76.18901374799577,1.0,1.9722533650315326,0,0
76.20849634082433,1.0,2.042887817348887,0,0
76.22797799123182,1.0,1.8641006133268756,0,0
76.2474586970126,1.0,1.899218482784339,0,0
76.26693845595958,1.0,2.1682309493727483,0,0
76.28641726586432,1.0,1.689208525721167,0,0
76.30589512451692,1.0,1.7890972813815067,0,0
76.32537202970616,1.0,1.7047142347379012,0,0
76.34484797921934,1.0,1.6485342393043638,0,0
76.36432297084242,1.0,1.8671047631453475,0,0
76.38379700235993,1.0,2.062005458344503,0,0
76.403270071555,1.0,1.942010876408894,0,0
76.42274217620937,1.0,2.106708259473003,0,0
76.44221331410338,1.0,1.7990916758531548,0,0
76.46168348301599,1.0,1.9425599785151502,0,0
76.4811526807247,1.0,1.9919660543397812,0,0
76.50062090500569,1.0,1.8077099357928152,0,0
76.52008815363367,1.0,2.0773906541964386,0,0
76.53955442438199,1.0,1.9745845107164746,0,0
76.5590197150226,1.0,1.4362435981461903,0,0
76.57848402332604,1.0,1.8260501849054545,0,0
76.59794734706148,1.0,1.8940452878684575,0,0
76.61740968399664,1.0,1.9377268644819228,0,0
76.6368710318979,1.0,1.8076199198594063,0,0
76.65633138853016,1.0,2.089253422623368,0,0
76.67579075165705,1.0,1.8143387582552153,0,0
76.69524911904065,1.0,1.7111037664377158,0,0
76.71470648844176,1.0,2.218111175289417,0,0
76.73416285761974,1.0,1.7234545040948561,0,0
76.75361822433254,1.0,1.9144907789157177,0,0
76.77307258633672,1.0,2.0195816353593985,0,0
76.79252594138748,1.0,1.79390333046431,0,0
76.81197828723855,1.0,1.8081364824661617,0,0
76.83142962164231,1.0,2.0881907007561833,0,0
76.85087994234976,1.0,1.938463095749565,0,0
76.87032924711045,1.0,1.9473669929161463,0,0
76.88977753367257,1.0,2.25229695823907,0,0
76.90922479978292,1.0,1.7749314771225055,0,0
76.92867104318685,1.0,1.9627819381685003,0,0
76.94811626162839,1.0,2.202526731799485,0,0
76.96756045285011,1.0,1.969351105325384,0,0
76.98700361459322,1.0,1.6605938469406951,0,0
77.00644574459753,1.0,1.8613488101530031,0,0
77.02588684060142,1.0,1.8290425777957489,0,0
77.0453269003419,1.0,1.6766206826564025,0,0
77.06476592155462,1.0,1.816770257102501,0,0
77.08420390197378,1.0,1.9530972020284307,0,0
77.10364083933217,1.0,1.7507663014642822,0,0
77.12307673136127,1.0,1.765759130194474,0,0
77.14251157579106,1.0,1.420281865351972,0,0
77.16194537035021,1.0,2.074289249017663,0,0
77.18137811276594,1.0,1.9161304094453773,0,0
77.20080980076412,1.0,1.9358022483177089,0,0
77.22024043206918,1.0,1.7504535618863475,0,0
77.23967000440419,1.0,2.25806475525952,0,0
77.25909851549079,1.0,1.9642994751042517,0,0
77.27852596304928,1.0,1.984011620914114,0,0
77.29795234479852,1.0,1.920686676366607,0,0
77.31737765845597,1.0,1.7160906116049226,0,0
77.33680190173772,1.0,1.5534419614173554,0,0
77.35622507235848,1.0,2.140966877755858,0,0
77.37564716803152,1.0,1.3658390564032392,0,0
77.39506818646876,1.0,2.038956034548009,0,0
77.41448812538071,1.0,1.836801476071899,0,0
77.43390698247649,1.0,1.691138434862165,0,0
77.4533247554638,1.0,1.6286062333430125,0,0
77.47274144204897,1.0,1.5542212191986704,0,0
77.49215703993697,1.0,1.7202075516222832,0,0
77.5115715468313,1.0,1.238356218362079,0,0
77.53098496043415,1.0,1.6403007537765928,0,0
77.55039727844627,1.0,1.6949765709787055,0,0
77.569808498567,1.0,1.6526847171116992,0,0
77.58921861849433,1.0,1.7510583726954496,0,0
77.60862763592485,1.0,1.777066060793038,0,0
77.62803554855374,1.0,1.8080618595752145,0,0
77.6474423540748,1.0,2.167845519792395,0,0
77.66684805018043,1.0,1.7622520051255792,0,0
77.68625263456167,1.0,1.857769035141902,0,0
77.7056561049081,1.0,1.2170199246711666,0,0
77.725058458908,1.0,1.8939516345987573,0,0
77.74445969424816,1.0,1.9923232290505617,0,0
77.76385980861407,1.0,1.8690411218390144,0,0
77.78325879968978,1.0,1.8572507053605407,0,0
77.80265666515794,1.0,1.8282413678545526,0,0
77.82205340269986,1.0,1.5764831742749859,0,0
77.84144900999542,1.0,1.8401778022494968,0,0
77.86084348472309,1.0,1.318831783050277,0,0
77.88023682456,1.0,1.5081149378965526,0,0
77.89962902718187,1.0,1.3945489454761548,0,0
77.91902009026305,1.0,1.7858947879083948,0,0
77.93841001147644,1.0,1.706340270565794,0,0
77.95779878849359,1.0,1.8463229086492086,0,0
77.9771864189847,1.0,1.8106800542569434,0,0
77.9965729006185,1.0,1.5198627132075995,0,0
78.01595823106243,1.0,1.5130547702591968,0,0
78.03534240798243,1.0,1.3011789735681207,0,0
78.05472542904312,1.0,1.8516040866359658,0,0
78.07410729190772,1.0,1.7718242598745924,0,0
78.09348799423809,1.0,1.7090445248703938,0,0
78.11286753369464,1.0,1.5353785788032124,0,0
78.13224590793644,1.0,1.639266786120655,0,0
78.15162311462112,1.0,1.4727762685912165,0,0
78.17099915140501,1.0,1.806741865322915,0,0
78.19037401594298,1.0,1.971117691474403,0,0
78.20974770588855,1.0,1.719405407073826,0,0
78.22912021889383,1.0,1.677098192725357,0,0
78.24849155260954,1.0,1.3820343016212522,0,0
78.26786170468505,1.0,1.5479058117199975,0,0
78.2872306727683,1.0,1.7279972129557368,0,0
78.30659845450589,1.0,2.0234583536730226,0,0
78.32596504754298,1.0,1.4086948776670005,0,0
78.34533044952337,1.0,1.7005227002584722,0,0
78.3646946580895,1.0,1.787686549987095,0,0
78.3840576708824,1.0,1.816237593010676,0,0
78.4034194855417,1.0,1.703562545848137,0,0
78.42278009970568,1.0,1.5451515350454774,0,0
78.44213951101122,1.0,1.792237300167719,0,0
78.46149771709378,1.0,1.3647553748475083,0,0
78.4808547155875,1.0,1.7165696277841298,0,0
78.5002105041251,1.0,1.9490823547524476,0,0
78.51956508033791,1.0,1.611033102239971,0,0
78.53891844185588,1.0,1.8244067272596622,0,0
78.5582705863076,1.0,1.4573506465203798,0,0
78.57762151132026,1.0,1.381653110095393,0,0
78.59697121451966,1.0,1.526431587249599,0,0
78.61631969353022,1.0,1.8620549796217616,0,0
78.63566694597496,1.0,2.1874723550754864,0,0
78.65501296947558,1.0,1.7958257222123073,0,0
78.67435776165235,1.0,1.7963226096234743,0,0
78.69370132012412,1.0,1.5388958459660171,0,0
78.71304364250847,1.0,1.885859028761868,0,0
78.73238472642147,1.0,1.5654747249401832,0,0
78.75172456947791,1.0,1.520354900242004,0,0
78.77106316929112,1.0,2.230053615733859,0,0
78.79040052347312,1.0,1.7968161661521325,0,0
78.80973662963451,1.0,1.9345884145526222,0,0
78.8290714853845,1.0,1.604575266889167,0,0
78.84840508833094,1.0,1.9855340576814073,0,0
78.8677374360803,1.0,1.632805587403843,0,0
78.88706852623767,1.0,1.4267744247233676,0,0
78.90639835640674,1.0,1.9461302700548218,0,0
78.92572692418985,1.0,1.8240036173245036,0,0
78.94505422718794,1.0,1.8527027140075054,0,0
78.96438026300055,1.0,2.1688574348599423,0,0
78.98370502922592,1.0,2.043625162650791,0,0
79.00302852346081,1.0,2.1608047407519466,0,0
79.02235074330068,1.0,1.9633811082557067,0,0
79.04167168633958,1.0,2.2190020054031687,0,0
79.06099135017018,1.0,2.3580229716912995,0,0
79.08030973238377,1.0,2.161813590925483,0,0
79.09962683057029,1.0,2.3043387743789685,0,0
79.11894264231826,1.0,2.138291877805294,0,0
79.13825716521487,1.0,1.8836770423248146,0,0
79.15757039684587,1.0,2.190480187834604,0,0
79.17688233479569,1.0,2.18172499573639,0,0
79.19619297664738,1.0,1.5650469031864158,0,0
79.21550231998259,1.0,1.9845228782518713,0,0
79.23481036238161,1.0,1.8751657526582965,0,0
79.25411710142335,1.0,1.9534292176444794,0,0
79.27342253468532,1.0,1.8527002484121078,0,0
79.29272665974369,1.0,1.9549126163111277,0,0
79.31202947417324,1.0,2.34836406959516,0,0
79.33133097554739,1.0,1.519746396018647,0,0
79.35063116143814,1.0,1.9474829568468783,0,0
79.3699300294162,1.0,1.8646079659138677,0,0
79.38922757705083,1.0,1.6593120214355959,0,0
79.40852380190992,1.0,1.6700588596644153,0,0
79.42781870156006,1.0,2.0203402460183204,0,0
79.44711227356635,1.0,1.793477941310162,0,0
79.46640451549261,1.0,2.0510627872253373,0,0
79.48569542490128,1.0,1.9161086606595739,0,0
79.50498499935338,1.0,1.8389466941062524,0,0
79.52427323640859,1.0,2.2401205517692424,0,0
79.54356013362522,1.0,1.6371485177733422,0,0
79.5628456885602,1.0,1.7844551621207922,0,0
79.5821298987691,1.0,2.1814360423550303,0,0
79.60141276180607,1.0,1.9878447404921282,0,0
79.62069427522395,1.0,1.963893768047055,0,0
79.63997443657419,1.0,1.5254002176628787,0,0
79.65925324340688,1.0,1.962850059700361,0,0
79.6785306932707,1.0,1.781496830253166,0,0
79.69780678371299,1.0,1.6570491441940478,0,0
79.71708151227975,1.0,2.38562381079872,0,0
79.73635487651552,1.0,1.7351434582808414,0,0
79.75562687396359,1.0,1.581095982700903,0,0
79.77489750216577,1.0,1.5433180921809462,0,0
79.79416675866257,1.0,1.7230752012664197,0,0
79.81343464099311,1.0,1.9070229243530765,0,0
79.83270114669514,1.0,1.9066879672538262,0,0
79.85196627330507,1.0,1.7344283235276758,0,0
79.87123001835788,1.0,1.8324131392002163,0,0
79.89049237938725,1.0,2.19874445100139,0,0
79.90975335392548,1.0,2.0189848542461535,0,0
79.92901293950345,1.0,1.5630186119408864,0,0
79.94827113365074,1.0,1.7384255759388962,0,0
79.96752793389552,1.0,1.2283986758690226,0,0
79.98678333776462,1.0,1.7791805314617586,0,0
80.00603734278349,1.0,1.4311187070118168,0,0
80.02528994647622,1.0,1.5271951793164724,0,0
80.04454114636555,1.0,1.782243033536749,0,0
80.06379093997282,1.0,1.7091121958858648,0,0
80.08303932481803,1.0,1.3867745667536955,0,0
80.10228629841981,1.0,1.4520581143999993,0,0
80.12153185829543,1.0,1.7265788112254534,0,0
80.1407760019608,1.0,1.7307287641215872,0,0
80.16001872693045,1.0,1.8408813896688485,0,0
80.17926003071756,1.0,1.7779502978995478,0,0
80.19849991083396,1.0,1.7859480299579928,0,0
80.2177383647901,1.0,2.034621166393154,0,0
80.23697539009504,1.0,1.6726793089401863,0,0
80.25621098425654,1.0,1.734342644349025,0,0
80.27544514478096,1.0,1.655502991391842,0,0
80.29467786917331,1.0,1.6101739767666088,0,0
80.31390915493722,1.0,1.8028533657426387,0,0
80.333138999575,1.0,1.8298973149151232,0,0
80.35236740058755,1.0,2.2966401694631844,0,0
80.37159435547446,1.0,1.6353735396398863,0,0
80.39081986173392,1.0,1.771168937215518,0,0
80.41004391686276,1.0,1.8773741147119751,0,0
80.42926651835648,1.0,1.355218593084981,0,0
80.44848766370924,1.0,1.9104182594776447,0,0
80.46770735041376,1.0,1.3693229487647274,0,0
80.48692557596146,1.0,1.3144803866337278,0,0
80.50614233784242,1.0,1.6801008903530883,0,0
80.52535763354533,1.0,1.8591149717223006,0,0
80.5445714605575,1.0,1.5927033919052762,0,0
80.56378381636495,1.0,1.519834707186527,0,0
80.58299469845227,1.0,1.75928407956182,0,0
80.60220410430274,1.0,1.7437241344090881,0,0
80.62141203139828,1.0,1.857978640533733,0,0
80.64061847721945,1.0,1.7263216568269037,0,0
80.65982343924543,1.0,1.930233419085254,0,0
80.67902691495411,1.0,1.553693120036501,0,0
80.69822890182192,1.0,1.5322246946743079,0,0
80.71742939732405,1.0,1.8586369296738188,0,0
80.73662839893427,1.0,1.4675200731173124,0,0
80.75582590412499,1.0,1.7770494874520495,0,0
80.77502191036731,1.0,1.665821822891829,0,0
80.79421641513093,1.0,1.3588758198411517,0,0
80.81340941588425,1.0,1.7477089657010576,0,0
80.83260091009429,1.0,1.61652972954502,0,0
80.85179089522669,1.0,1.6729894379828314,0,0
80.87097936874575,1.0,1.8889225982537658,0,0
80.89016632811447,1.0,1.5358317341391305,0,0
80.90935177079446,1.0,2.0918542271221563,0,0
80.92853569424597,1.0,1.4099005902570618,0,0
80.9477180959279,1.0,1.5536974555464373,0,0
80.96689897329783,1.0,1.82261419948189,0,0
80.98607832381197,1.0,1.671610490754509,0,0
81.00525614492517,1.0,1.5812211428339256,0,0
81.02443243409095,1.0,1.8913288860266826,0,0
81.04360718876146,1.0,1.6067990021255916,0,0
81.06278040638753,1.0,1.6883619389296602,0,0
81.08195208441862,1.0,1.5073637620100524,0,0
81.10112222030287,1.0,1.7458832454717461,0,0
81.12029081148702,1.0,1.817246844755316,0,0
81.13945785541651,1.0,1.5843147358084095,0,0
81.15862334953542,1.0,1.8835674269672988,0,0
81.17778729128648,1.0,1.9328865992378603,0,0
81.19694967811108,1.0,1.7285773091927106,0,0
81.21611050744926,1.0,1.6959433876332914,0,0
81.2352697767397,1.0,1.8140097606261414,0,0
81.25442748341976,1.0,1.7974560945751072,0,0
81.27358362492546,1.0,1.8218727460676198,0,0
81.29273819869145,1.0,1.5804042440186494,0,0
81.31189120215106,1.0,2.179168674550686,0,0
81.33104263273624,1.0,2.3021192625018823,0,0
81.35019248787765,1.0,1.6123882156372362,0,0
81.36934076500455,1.0,1.9249825485435392,0,0
81.38848746154491,1.0,2.103751811638207,0,0
81.40763257492533,1.0,1.9457424258613192,0,0
81.42677610257105,1.0,1.8984066251428353,0,0
81.44591804190603,1.0,1.8912943247778493,0,0
81.4650583903528,1.0,1.5358497892194276,0,0
81.48419714533264,1.0,1.290056947008279,0,0
81.50333430426545,1.0,1.6239641414337123,0,0
81.52246986456976,1.0,1.6815105463040736,0,0
81.54160382366281,1.0,1.8506851599774106,0,0
81.5607361789605,1.0,1.9819998473274703,0,0
81.57986692787733,1.0,1.9144926407521847,0,0
81.59899606782653,1.0,1.5037495947274255,0,0
81.61812359621996,1.0,1.9154297692327216,0,0
81.63724951046815,1.0,1.7349503224951488,0,0
81.65637380798029,1.0,1.7945096371339393,0,0
81.67549648616423,1.0,1.970993437550497,0,0
81.69461754242651,1.0,1.5697312808015036,0,0
81.71373697417229,1.0,1.7078000280132952,0,0
81.73285477880543,1.0,1.497148330928243,0,0
81.75197095372842,1.0,1.7798947023709368,0,0
81.77108549634244,1.0,1.7741585712677,0,0
81.79019840404735,1.0,1.798187777347732,0,0
81.80930967424166,1.0,2.1278309110200477,0,0
81.82841930432252,1.0,1.8819709367888755,0,0
81.84752729168578,1.0,1.842044092625616,0,0
81.86663363372595,1.0,1.7000733727177533,0,0
81.88573832783621,1.0,1.9962725831629966,0,0
81.9048413714084,1.0,1.936255736463839,0,0
81.92394276183302,1.0,1.8666084566530714,0,0
81.94304249649926,1.0,2.0692957962152736,0,0
81.96214057279497,1.0,1.8386945489897855,0,0
81.98123698810667,1.0,1.8357916598057018,0,0
82.00033173981953,1.0,1.6448953477617017,0,0
82.01942482531743,1.0,2.406020176974894,0,0
82.03851624198288,1.0,2.1146922033799913,0,0
82.05760598719709,1.0,1.520000510304332,0,0
82.07669405833992,1.0,1.3866746897073177,0,0
82.09578045278994,1.0,1.7099005968341578,0,0
82.11486516792434,1.0,1.7380919336281377,0,0
82.13394820111901,1.0,1.8566102089723677,0,0
82.15302954974851,1.0,1.8145961844685379,0,0
82.17210921118608,1.0,1.7087057170535893,0,0
82.19118718280363,1.0,1.8282558750416398,0,0
82.21026346197175,1.0,1.5314385514749642,0,0
82.22933804605967,1.0,1.9292687374497328,0,0
82.24841093243533,1.0,1.7999595090782692,0,0
82.26748211846535,1.0,1.6224788156117167,0,0
82.28655160151501,1.0,1.7559645219355693,0,0
82.30561937894828,1.0,2.3053894116757605,0,0
82.32468544812778,1.0,1.6535002902034999,0,0
82.34374980641483,1.0,1.762027303418011,0,0
82.36281245116942,1.0,1.2906360556662524,0,0
82.38187337975023,1.0,1.977346178160321,0,0
82.40093258951458,1.0,1.6218291404936502,0,0
82.41999007781853,1.0,1.5724829605325648,0,0
82.43904584201675,1.0,1.74215648291453,0,0
82.45809987946265,1.0,1.672049557998988,0,0
82.47715218750831,1.0,1.3679671772180124,0,0
82.49620276350446,1.0,1.7444080860129179,0,0
82.51525160480051,1.0,1.7753670439741467,0,0
82.5342987087446,1.0,1.4188024212631134,0,0
82.5533440726835,1.0,1.7955469109503197,0,0
82.5723876939627,1.0,1.871135475434697,0,0
82.59142956992633,1.0,1.8152302915635614,0,0
82.61046969791727,1.0,1.61401761359702,0,0
82.62950807527702,1.0,1.6409256314323604,0,0
82.64854469934576,1.0,1.5269959548086258,0,0
82.66757956746244,1.0,1.2752168474387995,0,0
82.68661267696459,1.0,1.7154069405351262,0,0
82.70564402518849,1.0,1.3944306351054634,0,0
82.7246736094691,1.0,1.8037831154243207,0,0
82.74370142714002,1.0,1.4595316407779562,0,0
82.76272747553361,1.0,1.6757132638161147,0,0
82.78175175198083,1.0,2.1947810997835493,0,0
82.80077425381144,1.0,1.550560181606143,0,0
82.81979497835377,1.0,1.9800819881300278,0,0
82.83881392293492,1.0,2.033961046551476,0,0
82.85783108488064,1.0,1.5087434990460595,0,0
82.87684646151538,1.0,1.7629641501518978,0,0
82.89586005016231,1.0,1.2039782086013706,0,0
82.91487184814324,1.0,1.8101107113967772,0,0
82.93388185277865,1.0,1.6725039751826896,0,0
82.95289006138782,1.0,2.133334669897892,0,0
82.97189647128863,1.0,2.150731560935755,0,0
82.99090107979768,1.0,1.6491901625141152,0,0
83.00990388423025,1.0,1.4253009208716034,0,0
83.02890488190033,1.0,1.9282603678581691,0,0
83.04790407012061,1.0,1.8273416106138576,0,0
83.06690144620244,1.0,1.4864486843065072,0,0
83.08589700745588,1.0,1.1011788085363814,0,0
83.10489075118973,1.0,1.7489652433781575,0,0
83.12388267471141,1.0,1.5625162611615793,0,0
83.14287277532708,1.0,1.4721216591931203,0,0
83.1618610503416,1.0,1.4720557140121595,0,0
83.18084749705852,1.0,2.2454040559719424,0,0
83.19983211278006,1.0,1.7374490042654893,0,0
83.21881489480718,1.0,1.9141046708117457,0,0
83.2377958404395,1.0,1.9105373640296461,0,0
83.25677494697538,1.0,1.6099239011869617,0,0
83.27575221171185,1.0,1.2643040098286096,0,0
83.29472763194464,1.0,1.732893476272229,0,0
83.3137012049682,1.0,1.6663836239192968,0,0
83.33267292807564,1.0,1.899356104536831,0,0
83.35164279855883,1.0,1.9552301988223564,0,0
83.3706108137083,1.0,1.9665628165331304,0,0
83.3895769708133,1.0,1.8250476015910098,0,0
83.40854126716175,1.0,1.9296805366324168,0,0
83.42750370004033,1.0,1.6197763674674777,0,0
83.44646426673438,1.0,1.9060345626998734,0,0
83.46542296452797,1.0,1.8763913897667392,0,0
83.48437979070385,1.0,1.7553942429995033,0,0
83.50333474254347,1.0,2.3138337622359453,0,0
83.52228781732705,1.0,2.2045620697657946,0,0
83.54123901233342,1.0,1.8060469887333863,0,0
83.5601883248402,1.0,1.753504113089427,0,0
83.57913575212365,1.0,1.72671910235147,0,0
83.59808129145881,1.0,1.9298077105504654,0,0
83.61702494011935,1.0,1.7333411306603301,0,0
83.6359666953777,1.0,2.177093808257894,0,0
83.654906554505,1.0,1.7177428870131135,0,0
83.67384451477109,1.0,1.9181580212072522,0,0
83.6927805734445,1.0,1.7747639968803732,0,0
83.71171472779247,1.0,1.9004989646827894,0,0
83.730646975081,1.0,1.919879916118741,0,0
83.74957731257476,1.0,2.6512742045670983,0,0
83.76850573753714,1.0,1.5629802658675294,0,0
83.78743224723024,1.0,1.3935648322912475,0,0
83.8063568389149,1.0,2.2771720471280807,0,0
83.82527950985062,1.0,1.7683149359778068,0,0
83.84420025729565,1.0,1.7727565999752715,0,0
83.86311907850698,1.0,1.9763003580006362,0,0
83.88203597074028,1.0,1.6944176240603226,0,0
83.9009509312499,1.0,1.413080567200023,0,0
83.919863957289,1.0,2.0292726018904848,0,0
83.93877504610938,1.0,1.7274832639476012,0,0
83.95768419496159,1.0,1.8776518264550641,0,0
83.97659140109488,1.0,1.3885654711001485,0,0
83.99549666175726,1.0,1.567632945651233,0,0
84.0143999741954,1.0,1.484855667436248,0,0
84.03330133565473,1.0,1.3792278656747725,0,0
84.05220074337939,1.0,1.8357166171977537,0,0
84.07109819461222,1.0,1.9054037586078598,0,0
84.08999368659482,1.0,2.3066075144939955,0,0
84.10888721656747,1.0,1.8437396439458797,0,0
84.12777878176922,1.0,1.3130392416318701,0,0
84.14666837943781,1.0,1.9185355726298747,0,0
84.16555600680971,1.0,1.3318023109601904,0,0
84.1844416611201,1.0,1.5033432420825605,0,0
84.20332533960291,1.0,1.5080332497811295,0,0
84.2222070394908,1.0,1.7520125147779273,0,0
84.24108675801509,1.0,1.5475594013199876,0,0
84.25996449240591,1.0,2.099804000451026,0,0
84.27884023989209,1.0,1.954182414320738,0,0
84.29771399770115,1.0,1.4265110768147928,0,0
84.3165857630594,1.0,1.6162552973164752,0,0
84.3354555331918,1.0,1.8011601251647227,0,0
84.35432330532213,1.0,1.3925788128869019,0,0
84.37318907667282,1.0,1.5838604741853863,0,0
84.39205284446507,1.0,1.798750618551216,0,0
84.41091460591879,1.0,1.7562594110682959,0,0
84.42977435825266,1.0,1.619094760837058,0,0
84.44863209868404,1.0,1.807439380169013,0,0
84.46748782442909,1.0,1.363559869874652,0,0
84.48634153270261,1.0,1.805801594400046,0,0
84.50519322071821,1.0,1.7091154033584763,0,0
84.5240428856882,1.0,1.4834726689832773,0,0
84.54289052482363,1.0,1.3253488581506634,0,0
84.56173613533429,1.0,1.6402881930437412,0,0
84.5805797144287,1.0,1.4038846611300186,0,0
84.5994212593141,1.0,1.8813966467961158,0,0
84.61826076719652,1.0,1.7671046713433678,0,0
84.63709823528066,1.0,1.49044143081275,0,0
84.65593366077002,1.0,1.7419124283444747,0,0
84.67476704086678,1.0,1.60255111729438,0,0
84.6935983727719,1.0,1.6052369452468973,0,0
84.71242765368507,1.0,1.4602544728643663,0,0
84.73125488080471,1.0,1.815773937368348,0,0
84.75008005132798,1.0,1.9588851155082367,0,0
84.76890316245081,1.0,1.5909364362124738,0,0
84.78772421136784,1.0,2.1900941526574482,0,0
84.80654319527244,1.0,1.3461399304882293,0,0
84.82536011135676,1.0,1.6458504016203206,0,0
84.8441749568117,1.0,1.891988798852101,0,0
84.86298772882685,1.0,0.9465972839619085,0,0
84.88179842459061,1.0,1.7402739562734508,0,0
84.90060704129007,1.0,1.663552344895558,0,0
84.91941357611111,1.0,1.6577200586730216,0,0
84.93821802623832,1.0,1.6930849680573226,0,0
84.95702038885506,1.0,1.2066612172737634,0,0
84.9758206611434,1.0,1.4628881341928908,0,0
84.99461884028423,1.0,2.049690588985096,0,0
85.01341492345713,1.0,1.8742878535195626,0,0
85.03220890784047,1.0,1.6633693391030073,0,0
85.05100079061131,1.0,1.9729668729782643,0,0
85.06979056894554,1.0,2.135992368109222,0,0
85.08857824001771,1.0,2.031449939111498,0,0
85.1073638010012,1.0,2.224967902689763,0,0
85.12614724906811,1.0,1.6405127203640815,0,0
85.14492858138931,1.0,1.6949351642286734,0,0
85.16370779513437,1.0,1.112411631211475,0,0
85.1824848874717,1.0,1.7612533748546857,0,0
85.20125985556842,1.0,1.8315944207716361,0,0
85.22003269659038,1.0,1.614718990120729,0,0
85.2388034077022,1.0,1.4789824279460586,0,0
85.25757198606732,1.0,2.1391967157062757,0,0
85.27633842884784,1.0,1.30256047807247,0,0
85.29510273320469,1.0,1.0881965816349346,0,0
85.3138648962975,1.0,1.9103933929225598,0,0
85.33262491528473,1.0,1.5474654842491664,0,0
85.35138278732356,1.0,1.6216854554417117,0,0
85.3701385095699,1.0,1.7762477861154617,0,0
85.38889207917848,1.0,1.8873623267760418,0,0
85.40764349330274,1.0,1.7348025457303786,0,0
85.42639274909496,1.0,1.4503030472821288,0,0
85.44513984370607,1.0,1.695971765884131,0,0
85.46388477428584,1.0,1.5910417914945318,0,0
85.48262753798281,1.0,1.3625399279029544,0,0
85.50136813194426,1.0,1.9796193269796558,0,0
85.52010655331623,1.0,2.0489335460092795,0,0
85.53884279924353,1.0,1.512666690200182,0,0
85.55757686686974,1.0,1.8124925137453,0,0
85.5763087533372,1.0,1.6633272284494816,0,0
85.59503845578706,1.0,1.8016020684673448,0,0
85.6137659713592,1.0,2.005811328370415,0,0
85.63249129719225,1.0,2.5878183090958475,0,0
85.65121443042366,1.0,1.8481998668702602,0,0
85.66993536818961,1.0,2.121218007588065,0,0
85.68865410762507,1.0,1.8246316480397153,0,0
85.70737064586379,1.0,2.079433000637217,0,0
85.72608498003828,1.0,2.0017915527686836,0,0
85.7447971072798,1.0,1.860723109754217,0,0
85.76350702471844,1.0,2.016851429627411,0,0
85.78221472948302,1.0,1.9410784418739562,0,0
85.80092021870115,1.0,1.8952729359700882,0,0
85.81962348949922,1.0,1.6810615373063391,0,0
85.83832453900239,1.0,1.8116961214308176,0,0
85.85702336433458,1.0,1.6131006925378963,0,0
85.87571996261852,1.0,2.3081943754562086,0,0
85.8944143309757,1.0,1.7301574501130768,0,0
85.91310646652641,1.0,2.1405845505260404,0,0
85.93179636638969,1.0,1.8190051343024076,0,0
85.95048402768337,1.0,1.9086279531516834,0,0
85.96916944752408,1.0,1.9677036810397872,0,0
85.98785262302718,1.0,1.2345310304185357,0,0
86.00653355130689,1.0,1.3912916314989534,0,0
86.02521222947615,1.0,1.4628817514727928,0,0
86.04388865464671,1.0,1.822077005455971,0,0
86.06256282392908,1.0,1.7809231311186484,0,0
86.08123473443263,1.0,2.0478275633952494,0,0
86.09990438326541,1.0,1.8805989641147385,0,0
86.11857176753432,1.0,1.6676609889710092,0,0
86.13723688434506,1.0,1.1119193214016052,0,0
86.15589973080206,1.0,1.7093473193374067,0,0
86.1745603040086,1.0,1.5948754007366475,0,0
86.19321860106668,1.0,1.392049784608801,0,0
86.21187461907715,1.0,1.9606018916985186,0,0
86.23052835513965,1.0,1.5890402842560445,0,0
86.24917980635257,1.0,1.9667338409471815,0,0
86.26782896981314,1.0,1.4207030465890584,0,0
86.2864758426173,1.0,1.7513696079037941,0,0
86.3051204218599,1.0,1.4532883124162443,0,0
86.3237627046345,1.0,1.5395113116011192,0,0
86.34240268803347,1.0,1.6119729476498452,0,0
86.36104036914801,1.0,1.3780727541127666,0,0
86.37967574506806,1.0,1.3531891567701815,0,0
86.39830881288238,1.0,1.5985496592114046,0,0
86.41693956967856,1.0,1.0661702508953117,0,0
86.43556801254296,1.0,1.503109243062672,0,0
86.45419413856072,1.0,1.5119312590203149,0,0
86.47281794481583,1.0,1.269280579808507,0,0
86.49143942839102,1.0,1.5452159863548014,0,0
86.51005858636788,1.0,1.303425633100301,0,0
86.52867541582674,1.0,1.664621903811066,0,0
86.5472899138468,1.0,1.3327208510416355,0,0
86.56590207750601,1.0,1.855212199179398,0,0
86.58451190388115,1.0,1.8004178135213447,0,0
86.6031193900478,1.0,1.8055608191455326,0,0
86.62172453308031,1.0,1.5166799606090355,0,0
86.64032733005192,1.0,1.7586480026945739,0,0
86.65892777803458,1.0,1.9004336401379192,0,0
86.6775258740991,1.0,1.521183138828694,0,0
86.69612161531512,1.0,1.8895025082239003,0,0
86.71471499875105,1.0,1.7618531544238991,0,0
86.73330602147408,1.0,1.7611160555952217,0,0
86.75189468055028,1.0,1.7189824269499132,0,0
86.7704809730445,1.0,1.8935487587061515,0,0
86.78906489602038,1.0,1.8526174666025517,0,0
86.80764644654042,1.0,1.5480348162703421,0,0
86.82622562166588,1.0,1.5161858449868721,0,0
86.8448024184569,1.0,2.192580313068166,0,0
86.86337683397235,1.0,2.071816002036647,0,0
86.88194886526998,1.0,2.2148688446884925,0,0
86.90051850940634,1.0,2.0161480560508704,0,0
86.9190857634368,1.0,2.1477783302907096,0,0
86.93765062441551,1.0,1.737200122507425,0,0
86.9562130893955,1.0,1.9871246889474314,0,0
86.97477315542858,1.0,2.20109182507949,0,0
86.99333081956539,1.0,1.3617002400255915,0,0
87.01188607885535,1.0,2.2641426625428402,0,0
87.0304389303468,1.0,1.7176448790028913,0,0
87.0489893710868,1.0,2.1875269303921496,0,0
87.06753739812129,1.0,1.7341298879355571,0,0
87.086083008495,1.0,1.9415752982459973,0,0
87.10462619925153,1.0,2.1306713775912014,0,0
87.12316696743324,1.0,1.7440325191697315,0,0
87.14170531008136,1.0,1.5215731931686707,0,0
87.16024122423597,1.0,1.8165167195751364,0,0
87.17877470693591,1.0,1.8338076541576513,0,0
87.1973057552189,1.0,1.6763835948496675,0,0
87.21583436612147,1.0,1.8690024448899663,0,0
87.23436053667896,1.0,1.9959719336926283,0,0
87.25288426392561,1.0,1.3713279309717827,0,0
87.27140554489438,1.0,1.7007329788335752,0,0
87.28992437661718,1.0,1.4924491935054924,0,0
87.30844075612467,1.0,1.5858146086138412,0,0
87.32695468044636,1.0,1.9062871533811485,0,0
87.34546614661062,1.0,1.3983790172032753,0,0
87.36397515164464,1.0,1.0511460271149322,0,0
87.38248169257443,1.0,1.3143118679532595,0,0
87.40098576642487,1.0,2.019204510241288,0,0
87.41948737021963,1.0,1.9447197330740484,0,0
87.43798650098127,1.0,2.0100679542850353,0,0
87.45648315573115,1.0,1.3021691997699152,0,0
87.47497733148947,1.0,1.9991481119282435,0,0
87.49346902527532,1.0,1.573999809450952,0,0
87.51195823410656,1.0,1.10040296719218,0,0
87.53044495499994,1.0,1.307922834192162,0,0
87.54892918497103,1.0,1.9131085579293419,0,0
87.56741092103427,1.0,1.624258319890492,0,0
87.58589016020291,1.0,1.3701025922237937,0,0
87.60436689948907,1.0,1.53688809352614,0,0
87.62284113590368,1.0,1.848573246195936,0,0
87.64131286645657,1.0,1.6454743248278787,0,0
87.65978208815639,1.0,1.6184844638876599,0,0
87.67824879801063,1.0,1.3419541730046134,0,0
87.69671299302561,1.0,1.5263402951975884,0,0
87.71517467020657,1.0,1.2796737803319358,0,0
87.73363382655752,1.0,1.4350799998866461,0,0
87.75209045908139,1.0,1.7308039423001529,0,0
87.7705445647799,1.0,1.574548029431422,0,0
87.78899614065367,1.0,1.1991874757271483,0,0
87.80744518370216,1.0,1.55112581193245,0,0
87.82589169092367,1.0,1.2704981397675894,0,0
87.84433565931535,1.0,1.7166357759546327,0,0
87.86277708587323,1.0,1.1673087528861514,0,0
87.88121596759221,1.0,1.5754706110369674,0,0
87.899652301466,1.0,1.132060295238133,0,0
87.9180860844872,1.0,1.1840408679224796,0,0
87.93651731364727,1.0,2.0454971498901036,0,0
87.9549459859365,1.0,1.327539159548455,0,0
87.97337209834409,1.0,1.9179810311335936,0,0
87.99179564785805,1.0,1.2874503783768814,0,0
88.01021663146528,1.0,1.5732472584478852,0,0
88.02863504615158,1.0,1.3429618208145242,0,0
88.04705088890151,1.0,1.399861464494684,0,0
88.06546415669862,1.0,1.589122130287356,0,0
88.08387484652522,1.0,1.745458601051312,0,0
88.10228295536257,1.0,1.6234041925423528,0,0
88.12068848019072,1.0,1.714925770528705,0,0
88.13909141798867,1.0,1.878624651767816,0,0
88.1574917657342,1.0,1.4901087240157649,0,0
88.17588952040404,1.0,2.254906957592511,0,0
88.19428467897373,1.0,1.7781592463286116,0,0
88.21267723841774,1.0,1.7902243587694295,0,0
88.23106719570934,1.0,1.9679003299596078,0,0
88.24945454782075,1.0,1.984665801483128,0,0
88.26783929172299,1.0,2.4308989638887706,0,0
88.28622142438604,1.0,2.0059259486419925,0,0
88.30460094277865,1.0,1.7054787794498962,0,0
88.32297784386856,1.0,1.827524894465489,0,0
88.34135212462229,1.0,1.9622659691832816,0,0
88.35972378200529,1.0,2.134194873732171,0,0
88.37809281298189,1.0,1.7000057298891202,0,0
88.39645921451526,1.0,2.2332810060119126,0,0
88.41482298356752,1.0,2.1940368452890895,0,0
88.43318411709961,1.0,1.7649074301415422,0,0
88.45154261207136,1.0,1.8403518036277442,0,0
88.4698984654415,1.0,1.8680424937924567,0,0
88.48825167416766,1.0,1.6647485355150968,0,0
88.5066022352063,1.0,1.3525689893055213,0,0
88.52495014551283,1.0,1.6942266317313117,0,0
88.54329540204151,1.0,1.6320638287131144,0,0
88.56163800174548,1.0,1.5999395447221971,0,0
88.5799779415768,1.0,1.7525457941795526,0,0
88.5983152184864,1.0,2.07286007878989,0,0
88.61664982942409,1.0,1.0049190892770261,0,0
88.6349817713386,1.0,1.2633188601244485,0,0
88.65331104117752,1.0,1.36332167157442,0,0
88.67163763588735,1.0,1.326135089002784,0,0
88.68996155241348,1.0,1.5667505134082829,0,0
88.70828278770018,1.0,1.353243709413823,0,0
88.72660133869067,1.0,1.1796731027316938,0,0
88.74491720232697,1.0,1.3920027765329541,0,0
88.76323037555011,1.0,2.1751335770148543,0,0
88.78154085529994,1.0,1.6446317780682937,0,0
88.79984863851521,1.0,1.4906919578749918,0,0
88.8181537221336,1.0,1.5169768572783726,0,0
88.83645610309169,1.0,1.4776616131999156,0,0
88.85475577832494,1.0,2.1018518197928873,0,0
88.87305274476773,1.0,1.4092504191447326,0,0
88.89134699935335,1.0,1.49006940730246,0,0
88.90963853901394,1.0,1.8038303798273807,0,0
88.9279273606806,1.0,1.5524600313263506,0,0
88.94621346128335,1.0,1.11913553389029,0,0
88.96449683775106,1.0,1.384287967177501,0,0
88.98277748701153,1.0,1.6569475720124884,0,0
89.0010554059915,1.0,1.0473850085454928,0,0
89.01933059161655,1.0,1.369487636995641,0,0
89.03760304081126,1.0,1.425832323622478,0,0
89.05587275049905,1.0,1.4645241655258763,0,0
89.07413971760229,1.0,1.1935652039404576,0,0
89.09240393904221,1.0,1.536767542583418,0,0
89.11066541173903,1.0,1.6911455868214886,0,0
89.12892413261184,1.0,1.5198715006995935,0,0
89.14718009857866,1.0,1.278984810536795,0,0
89.1654333065564,1.0,1.7062735900153734,0,0
89.18368375346088,1.0,1.3460927932176436,0,0
89.20193143620693,1.0,1.9220840263880814,0,0
89.2201763517082,1.0,1.3651774604953413,0,0
89.23841849687729,1.0,1.8866322572375107,0,0
89.25665786862572,1.0,1.5012842970430904,0,0
89.27489446386397,1.0,1.7106007485696446,0,0
89.29312827950136,1.0,1.3241810688620814,0,0
89.31135931244623,1.0,1.7407168004960993,0,0
89.32958755960576,1.0,1.8281834752049129,0,0
89.34781301788612,1.0,1.5534078123997297,0,0
89.36603568419235,1.0,1.8784657957978732,0,0
89.3842555554285,1.0,1.6452773217379513,0,0
89.40247262849743,1.0,1.0747234826412202,0,0
89.42068690030106,1.0,0.8329958189225962,0,0
89.43889836774012,1.0,1.5169241164365013,0,0
89.45710702771436,1.0,1.5933541365390702,0,0
89.4753128771224,1.0,1.692746293432588,0,0
89.49351591286185,1.0,1.943274891596334,0,0
89.5117161318292,1.0,1.3658460668103893,0,0
89.52991353091991,1.0,1.2819705323232167,0,0
89.54810810702838,1.0,1.431998943808128,0,0
89.56629985704791,1.0,1.0072233855747357,0,0
89.58448877787077,1.0,1.6667255502706835,0,0
89.60267486638816,1.0,1.4290392943683436,0,0
89.62085811949021,1.0,1.6113642706120879,0,0
89.63903853406599,1.0,1.5249102224188331,0,0
89.65721610700353,1.0,1.7109382601488068,0,0
89.6753908351898,1.0,1.7050495963427366,0,0
89.6935627155107,1.0,1.6501285901918372,0,0
89.71173174485105,1.0,2.2279116155560916,0,0
89.72989792009469,1.0,1.4366538198689607,0,0
89.74806123812432,1.0,1.5525085772570737,0,0
89.76622169582166,1.0,1.759624370592631,0,0
89.78437929006732,1.0,1.8967289000771421,0,0
89.8025340177409,1.0,2.129836651289038,0,0
89.82068587572093,1.0,2.0190552369284123,0,0
89.83883486088487,1.0,1.772618112710644,0,0
89.85698097010919,1.0,2.3336472155239094,0,0
89.87512420026925,1.0,1.9113658235602384,0,0
89.89326454823943,1.0,2.134623470613877,0,0
89.911402010893,1.0,1.5218205731733467,0,0
89.9295365851022,1.0,1.7419735262298146,0,0
89.94766826773827,1.0,1.8498538629690062,0,0
89.96579705567137,1.0,1.7747741756338065,0,0
89.98392294577062,1.0,1.965440450218668,0,0
90.00204593490409,1.0,1.5440984943203482,0,0
90.02016601993886,1.0,2.295615242387248,0,0
90.0382831977409,1.0,1.773023180298685,0,0
90.0563974651752,1.0,1.7149383379680387,0,0
90.07450881910569,1.0,1.2380277332860006,0,0
90.09261725639524,1.0,1.641188593382059,0,0
90.11072277390576,1.0,1.641937346624963,0,0
90.12882536849804,1.0,1.8540246019317916,0,0
90.14692503703189,1.0,1.792178555385488,0,0
90.16502177636607,1.0,2.1770569286711017,0,0
90.1831155833583,1.0,1.5374500744701416,0,0
90.20120645486531,1.0,1.5867728581874048,0,0
90.21929438774278,1.0,2.305312123588537,0,0
90.23737937884532,1.0,1.8519336329954732,0,0
90.25546142502657,1.0,1.6849450470186118,0,0
90.2735405231391,1.0,1.9126923376827443,0,0
90.29161667003453,1.0,1.232493047173204,0,0
90.30968986256335,1.0,2.0669308097385857,0,0
90.3277600975751,1.0,1.9038372986369463,0,0
90.34582737191829,1.0,1.775070850573918,0,0
90.3638916824404,1.0,1.4527183158074117,0,0
90.38195302598788,1.0,1.53013058457086,0,0
90.40001139940617,1.0,1.9591450215604602,0,0
90.41806679953967,1.0,1.178927842037645,0,0
90.43611922323184,1.0,1.3782590559073804,0,0
90.45416866732504,1.0,1.8214823319950342,0,0
90.47221512866062,1.0,1.9870744661418553,0,0
90.49025860407897,1.0,1.2533203485574569,0,0
90.50829909041944,1.0,1.2386212204338898,0,0
90.52633658452035,1.0,1.7404799006439948,0,0
90.54437108321903,1.0,1.5433003627601896,0,0
90.5624025833518,1.0,1.4304655974115164,0,0
90.58043108175396,1.0,1.774589592584547,0,0
90.5984565752598,1.0,1.386705950362778,0,0
90.61647906070263,1.0,1.803355655504917,0,0
90.63449853491474,1.0,1.5942654866491828,0,0
90.65251499472737,1.0,1.7256134272124126,0,0
90.67052843697084,1.0,1.9471673164026593,0,0
90.6885388584744,1.0,1.4083572630038346,0,0
90.70654625606635,1.0,1.367278137280311,0,0
90.72455062657392,1.0,1.570628502341166,0,0
90.74255196682341,1.0,1.8422763293853976,0,0
90.76055027364009,1.0,1.700196740465505,0,0
90.77854554384822,1.0,1.5969156210249593,0,0
90.79653777427112,1.0,1.5226168970693474,0,0
90.81452696173102,1.0,1.5603784035562653,0,0
90.83251310304922,1.0,1.8939014997499515,0,0
90.85049619504605,1.0,1.6467408997478887,0,0
90.8684762345408,1.0,1.915121696609593,0,0
90.88645321835176,1.0,1.7610525767318865,0,0
90.90442714329626,1.0,1.2576979604777696,0,0
90.92239800619063,1.0,1.460055999295694,0,0
90.94036580385024,1.0,1.1462537173448675,0,0
90.95833053308942,1.0,1.9183960126080581,0,0
90.97629219072155,1.0,1.362085194638211,0,0
90.994250773559,1.0,1.5460783687453112,0,0
91.0122062784132,1.0,1.4181265931604166,0,0
91.03015870209452,1.0,1.1279658362250617,0,0
91.04810804141243,1.0,1.3929702182425165,0,0
91.0660542931754,1.0,1.3440721269668616,0,0
91.08399745419086,1.0,1.738416311512286,0,0
91.10193752126534,1.0,1.7479685932013331,0,0
91.11987449120433,1.0,1.7045295688135322,0,0
91.13780836081239,1.0,1.4762099170400602,0,0
91.15573912689308,1.0,2.032488164081985,0,0
91.17366678624899,1.0,2.3586823702528115,0,0
91.19159133568174,1.0,1.9855347089273587,0,0
91.20951277199197,1.0,1.5917742170799487,0,0
91.22743109197935,1.0,2.172446650416145,0,0
91.2453462924426,1.0,1.9549242544757415,0,0
91.26325837017944,1.0,1.5452609693960426,0,0
91.28116732198663,1.0,1.5427644545145147,0,0
91.29907314465999,1.0,1.8677056137379628,0,0
91.31697583499434,1.0,1.8723558234433524,0,0
91.33487538978352,1.0,2.062028409462602,0,0
91.35277180582045,1.0,1.871926715713393,0,0
91.3706650798971,1.0,1.98747001855873,0,0
91.3885552088044,1.0,2.2008414740767246,0,0
91.40644218933241,1.0,1.2137405796298137,0,0
91.42432601827014,1.0,2.1784710014654394,0,0
91.44220669240573,1.0,1.6015595820627544,0,0
91.4600842085263,1.0,1.545067814468688,0,0
91.47795856341803,1.0,2.0721230702729407,0,0
91.49582975386616,1.0,1.7045590049501333,0,0
91.51369777665498,1.0,2.0588807365223145,0,0
91.53156262856778,1.0,1.8859218272989637,0,0
91.54942430638695,1.0,1.4153652367988054,0,0
91.56728280689393,1.0,1.747537728278389,0,0
91.58513812686914,1.0,1.3133507306986432,0,0
91.60299026309214,1.0,1.603035510619302,0,0
91.62083921234148,1.0,2.1344568743200436,0,0
91.6386849713948,1.0,2.1216384026391846,0,0
91.65652753702877,1.0,1.665959047734633,0,0
91.67436690601912,1.0,1.7888724404172383,0,0
91.69220307514067,1.0,1.2629837878387773,0,0
91.71003604116723,1.0,1.9058165049836875,0,0
91.72786580087174,1.0,1.3262345139815754,0,0
91.74569235102616,1.0,1.524533284833149,0,0
91.76351568840153,1.0,1.5370571993915592,0,0
91.78133580976791,1.0,1.5872378118718282,0,0
91.7991527118945,1.0,0.9571213204048816,0,0
91.8169663915495,1.0,1.3512709768397384,0,0
91.83477684550019,1.0,1.4127512114867853,0,0
91.85258407051292,1.0,1.0527848725868845,0,0
91.87038806335312,1.0,1.0705893535751707,0,0
91.88818882078529,1.0,1.41573506789078,0,0
91.90598633957296,1.0,1.2590326256751114,0,0
91.92378061647881,1.0,1.5288864100897646,0,0
91.94157164826449,1.0,1.1019131115043563,0,0
91.95935943169079,1.0,1.4828435300818472,0,0
91.97714396351758,1.0,1.398673250236576,0,0
91.99492524050376,1.0,1.613784972927703,0,0
92.01270325940736,1.0,1.5164054443220867,0,0
92.03047801698543,1.0,1.191965346448245,0,0
92.04824950999415,1.0,1.2036739333387303,0,0
92.06601773518878,1.0,1.279811219655613,0,0
92.0837826893236,1.0,1.1136087841011864,0,0
92.10154436915204,1.0,1.3235630255148403,0,0
92.11930277142658,1.0,1.3683759113470662,0,0
92.13705789289878,1.0,1.3088290859321576,0,0
92.15480973031931,1.0,2.064545837177134,0,0
92.17255828043793,1.0,1.6161662104775547,0,0
92.19030354000343,1.0,1.242483980442677,0,0
92.20804550576376,1.0,1.3386781024802108,0,0
92.22578417446594,1.0,0.7334877537207706,0,0
92.24351954285606,1.0,1.7853198652173534,0,0
92.26125160767933,1.0,1.1956604161065636,0,0
92.27898036568003,1.0,1.7127416510737983,0,0
92.29670581360153,1.0,1.4934514499983802,0,0
92.31442794818636,1.0,1.7549100830320208,0,0
92.33214676617605,1.0,1.940299748868959,0,0
92.3498622643113,1.0,2.0202986683603408,0,0
92.36757443933188,1.0,1.425827446740957,0,0
92.38528328797666,1.0,1.5609771448706944,0,0
92.40298880698364,1.0,2.016113949845433,0,0
92.42069099308989,1.0,2.037192328171692,0,0
92.43838984303159,1.0,1.8836881244179324,0,0
92.45608535354405,1.0,1.7454144852288136,0,0
92.47377752136165,1.0,1.9263486508090923,0,0
92.49146634321792,1.0,2.0960648224160177,0,0
92.50915181584546,1.0,1.6515514872570536,0,0
92.52683393597599,1.0,1.6354278692879536,0,0
92.54451270034035,1.0,1.6876966275966654,0,0
92.5621881056685,1.0,1.8731575955736093,0,0
92.57986014868949,1.0,2.032345469384611,0,0
92.59752882613151,1.0,1.6614314700323012,0,0
92.61519413472185,1.0,1.9985752929877223,0,0
92.63285607118692,1.0,1.1816344773606438,0,0
92.65051463225224,1.0,1.6796215232118128,0,0
92.66816981464247,1.0,1.4606001597595641,0,0
92.68582161508138,1.0,1.3747953006248352,0,0
92.70347003029184,1.0,1.7031751087989417,0,0
92.72111505699588,1.0,1.440252456969761,0,0
92.73875669191466,1.0,1.31757581647912,0,0
92.7563949317684,1.0,1.7494586456165853,0,0
92.77402977327651,1.0,1.4129354787511064,0,0
92.79166121315751,1.0,1.748819591591368,0,0
92.80928924812905,1.0,1.6936725015924776,0,0
92.82691387490789,1.0,1.6372311868097447,0,0
92.84453509020997,1.0,1.5250185416833852,0,0
92.86215289075031,1.0,1.4271022426124993,0,0
92.87976727324306,1.0,1.50464953478289,0,0
92.89737823440157,1.0,1.0903962483937917,0,0
92.91498577093827,1.0,1.6356715714805719,0,0
92.93258987956476,1.0,1.569498420305573,0,0
92.95019055699174,1.0,1.6550977759871133,0,0
92.96778779992907,1.0,1.3564420579913867,0,0
92.98538160508576,1.0,1.8853957804039365,0,0
93.00297196916995,1.0,1.209091324105795,0,0
93.02055888888894,1.0,1.405156347134929,0,0
93.03814236094915,1.0,2.056992379575849,0,0
93.05572238205616,1.0,1.4478484358604178,0,0
93.07329894891471,1.0,1.1552235090784557,0,0
93.09087205822865,1.0,1.89639633711585,0,0
93.10844170670103,1.0,1.5247995943062005,0,0
93.12600789103399,1.0,1.3440543779124405,0,0
93.14357060792888,1.0,1.1040547181224047,0,0
93.16112985408617,1.0,1.3296112492768097,0,0
93.1786856262055,1.0,1.3839341678842263,0,0
93.19623792098565,1.0,1.256602704960332,0,0
93.21378673512459,1.0,1.7976485035602388,0,0
93.23133206531938,1.0,1.5739392552920213,0,0
93.2488739082663,1.0,1.0465423661532884,0,0
93.2664122606608,1.0,2.1335833208639956,0,0
93.28394711919744,1.0,0.575658881199924,0,0
93.30147848056995,1.0,1.8710958812756473,0,0
93.3190063414713,1.0,1.1429889802779898,0,0
93.33653069859349,1.0,1.6685922131372932,0,0
93.35405154862784,1.0,1.1557293421390096,0,0
93.3715688882647,1.0,1.9280343935389264,0,0
93.38908271419368,1.0,2.3166347542892676,0,0
93.40659302310353,1.0,1.5863036754791107,0,0
93.42409981168217,1.0,1.5446079411234512,0,0
93.4416030766167,1.0,1.5576368731547887,0,0
93.45910281459336,1.0,1.590148663544355,0,0
93.47659902229765,1.0,1.7564460076388275,0,0
93.49409169641416,1.0,1.8493686550247548,0,0
93.51158083362668,1.0,1.6736448076532835,0,0
93.5290664306182,1.0,1.8898465043156054,0,0
93.54654848407088,1.0,1.2898789570374658,0,0
93.56402699066606,1.0,1.5347192221532973,0,0
93.58150194708426,1.0,1.1113516274263826,0,0
93.5989733500052,1.0,1.6507312020201288,0,0
93.61644119610776,1.0,1.4228772298677002,0,0
93.63390548207002,1.0,1.4948067816683268,0,0
93.65136620456926,1.0,1.7757544073282565,0,0
93.6688233602819,1.0,1.3587702381714521,0,0
93.68627694588363,1.0,1.288676178189136,0,0
93.70372695804926,1.0,1.0665212783732467,0,0
93.72117339345283,1.0,1.1351438981264472,0,0
93.73861624876758,1.0,0.7714356616177105,0,0
93.75605552066591,1.0,0.5397553422581617,0,0
93.77349120581943,1.0,1.1595119023877594,0,0
93.79092330089898,1.0,1.3476813451623861,0,0
93.80835180257458,1.0,0.716347812152989,0,0
93.82577670751543,1.0,1.1592214243350523,0,0
93.84319801238995,1.0,1.2275022526728283,0,0
93.86061571386576,1.0,1.211340819867076,0,0
93.87802980860968,1.0,1.7455849309740985,0,0
93.89544029328775,1.0,1.5479857857803416,0,0
93.91284716456519,1.0,1.403245545212709,0,0
93.93025041910647,1.0,0.7575805602830181,0,0
93.94765005357525,1.0,0.9374263666543077,0,0
93.96504606463435,1.0,0.981984101339441,0,0
93.98243844894591,1.0,1.487907033415611,0,0
93.99982720317118,1.0,1.2800410608703798,0,0
94.01721232397068,1.0,1.0767128984562853,0,0
94.03459380800412,1.0,1.363504904329979,0,0
94.05197165193044,1.0,0.8766198223368555,0,0
94.06934585240784,1.0,1.2291236455999872,0,0
94.08671640609364,1.0,1.5656724879321922,0,0
94.1040833096445,1.0,1.2150334368469033,0,0
94.12144655971616,1.0,1.3108150755577443,0,0
94.13880615296375,1.0,1.289803607720902,0,0
94.15616208604149,1.0,1.3858431347465237,0,0
94.17351435560289,1.0,0.9951806454022691,0,0
94.19086295830067,1.0,0.8828557785945124,0,0
94.2082078907868,1.0,0.7783187987834931,0,0
94.22554914971244,1.0,1.574531745946789,0,0
94.24288673172802,1.0,1.48521745162508,0,0
94.2602206334832,1.0,2.158874756143347,0,0
94.27755085162684,1.0,1.4720773695746212,0,0
94.29487738280709,1.0,1.7307732620846141,0,0
94.31220022367127,1.0,1.4426161003763933,0,0
94.329519370866,1.0,1.9860896453044383,0,0
94.34683482103708,1.0,1.907405270806173,0,0
94.3641465708296,1.0,1.1643174789994946,0,0
94.38145461688791,1.0,1.2494823544809486,0,0
94.39875895585551,1.0,1.7305245548467891,0,0
94.41605958437525,1.0,1.19675977698295,0,0
94.43335649908914,1.0,1.4315777665455207,0,0
94.45064969663852,1.0,1.5328711312208356,0,0
94.46793917366392,1.0,1.5366013170992279,0,0
94.48522492680513,1.0,1.3627103364416153,0,0
94.5025069527012,1.0,2.069683768997187,0,0
94.51978524799043,1.0,1.5340302342398924,0,0
94.53705980931036,1.0,1.600164479097893,0,0
94.55433063329784,1.0,2.0131208266939526,0,0
94.57159771658891,1.0,1.5864920303201333,0,0
94.58886105581891,1.0,1.926659856363937,0,0
94.60612064762239,1.0,2.0867390533378463,0,0
94.62337648863324,1.0,2.169833833516637,0,0
94.64062857548454,1.0,2.003973617007031,0,0
94.65787690480866,1.0,1.7666745193525009,0,0
94.67512147323725,1.0,1.707106837124084,0,0
94.6923622774012,1.0,1.4964812610485143,0,0
94.70959931393071,1.0,2.1731209363543686,0,0
94.72683257945516,1.0,1.0392452513009678,0,0
94.74406207060332,1.0,1.9514578393217794,0,0
94.76128778400313,1.0,1.38162802720292,0,0
94.77850971628186,1.0,2.19150371724057,0,0
94.79572786406601,1.0,1.4228940344904122,0,0
94.81294222398142,1.0,1.8250239533181376,0,0
94.83015279265317,1.0,1.1423353589244103,0,0
94.84735956670559,1.0,1.7393216148897697,0,0
94.86456254276234,1.0,2.401247451894001,0,0
94.88176171744632,1.0,1.0528830359740582,0,0
94.89895708737976,1.0,1.4354090846316785,0,0
94.9161486491841,1.0,1.655690359353065,0,0
94.93333639948015,1.0,1.733774139898893,0,0
94.95052033488797,1.0,1.3076584618039933,0,0
94.96770045202689,1.0,1.2104666417186924,0,0
94.98487674751554,1.0,1.4031479327754566,0,0
95.00204921797186,1.0,0.8562319196379924,0,0
95.01921786001304,1.0,1.6032950074558014,0,0
95.03638267025562,1.0,1.3778704709536853,0,0
95.05354364531539,1.0,2.0984092959751974,0,0
95.07070078180746,1.0,1.5979831985329038,0,0
95.08785407634622,1.0,1.6513132641341062,0,0
95.10500352554536,1.0,2.095007782656766,0,0
95.12214912601792,1.0,1.1604782663857989,0,0
95.13929087437614,1.0,1.247616298803152,0,0
95.15642876723167,1.0,1.1127042352426781,0,0
95.1735628011954,1.0,1.8934579626232435,0,0
95.19069297287754,1.0,1.5557255453034733,0,0
95.20781927888763,1.0,1.7228463721178215,0,0
95.22494171583446,1.0,1.6833831246982722,0,0
95.2420602803262,1.0,1.7714347384904456,0,0
95.25917496897031,1.0,1.635074139078346,0,0
95.27628577837353,1.0,1.0505644679429615,0,0
95.29339270514194,1.0,1.702750112384698,0,0
95.31049574588094,1.0,1.5139704592823935,0,0
95.32759489719524,1.0,1.5388644542419538,0,0
95.34469015568888,1.0,1.8739175900795284,0,0
95.3617815179652,1.0,1.8394685538489055,0,0
95.37886898062685,1.0,1.010898674029196,0,0
95.39595254027584,1.0,1.8324513987861757,0,0
95.41303219351349,1.0,1.8312147942556467,0,0
95.43010793694044,1.0,1.5054986629836127,0,0
95.44717976715665,1.0,1.5277576849332204,0,0
95.46424768076145,1.0,1.1708282252567421,0,0
95.48131167435342,1.0,1.5069985262548777,0,0
95.49837174453054,1.0,2.023393236345346,0,0
95.5154278878901,1.0,1.6223439329360412,0,0
95.53248010102872,1.0,1.2731383002352474,0,0
95.54952838054237,1.0,1.978504950566313,0,0
95.56657272302634,1.0,1.218338195404795,0,0
95.58361312507526,1.0,2.635924965900498,0,0
95.60064958328311,1.0,1.0177546381997244,0,0
95.61768209424322,1.0,0.2752754022512283,0,0
95.63471065454823,1.0,1.678261329069475,0,0
95.65173526079013,1.0,1.7543768230650592,0,0
95.66875590956028,1.0,1.3217881598783234,0,0
95.68577259744939,1.0,1.5599822908459835,0,0
95.70278532104746,1.0,2.1142669058505814,0,0
95.71979407694394,1.0,1.9040297430531221,0,0
95.73679886172752,1.0,1.5310174162361931,0,0
95.75379967198631,1.0,1.1658291645487764,0,0
95.77079650430778,1.0,1.7975300919003487,0,0
95.7877893552787,1.0,1.8105954157728534,0,0
95.80477822148526,1.0,0.8901259797358522,0,0
95.82176309951298,1.0,1.6068918807694412,0,0
95.8387439859467,1.0,1.5887212613618436,0,0
95.85572087737071,1.0,1.2670474449654716,0,0
95.8726937703686,1.0,1.3234338098118514,0,0
95.88966266152332,1.0,0.6237086662248883,0,0
95.9066275474172,1.0,1.0652505377249344,0,0
95.92358842463196,1.0,1.32760520620814,0,0
95.94054528974864,1.0,1.3352412085777716,0,0
95.9574981393477,1.0,1.3114249230328836,0,0
95.97444697000894,1.0,1.2433325194811127,0,0
95.99139177831154,1.0,0.574143525070594,0,0
96.00833256083406,1.0,1.566511777873771,0,0
96.02526931415443,1.0,1.9466944640010757,0,0
96.04220203484996,1.0,1.2030465706936984,0,0
96.05913071949735,1.0,1.370163260906554,0,0
96.07605536467263,1.0,1.4834797239465405,0,0
96.09297596695126,1.0,1.5539040951745535,0,0
96.1098925229081,1.0,1.3733738069189765,0,0
96.12680502911734,1.0,2.307772428316516,0,0
96.14371348215258,1.0,1.5664449374204248,0,0
96.1606178785868,1.0,1.2120263922079186,0,0
96.17751821499242,1.0,1.2545966324044615,0,0
96.19441448794117,1.0,1.4248346349043266,0,0
96.21130669400421,1.0,1.3464621605882856,0,0
96.22819482975211,1.0,1.3659936723283705,0,0
96.24507889175482,1.0,1.1369199562538268,0,0
96.26195887658164,1.0,1.2149842332788408,0,0
96.27883478080136,1.0,1.3603165006493794,0,0
96.29570660098213,1.0,0.9471225614523581,0,0
96.31257433369143,1.0,1.5612125361463463,0,0
96.32943797549626,1.0,2.107763970486709,0,0
96.34629752296294,1.0,1.9383349473191716,0,0
96.36315297265722,1.0,2.0785604419832255,0,0
96.38000432114427,1.0,1.4393549752659207,0,0
96.39685156498865,1.0,1.8361640969642405,0,0
96.41369470075435,1.0,1.8601132111752536,0,0
96.43053372500474,1.0,1.6254740872463234,0,0
96.44736863430262,1.0,1.6447597829683256,0,0
96.46419942521021,1.0,0.633216610559423,0,0
96.48102609428913,1.0,1.8254786316397449,0,0
96.49784863810044,1.0,2.0130683899063824,0,0
96.5146670532046,1.0,2.5133893314348597,0,0
96.5314813361615,1.0,1.4037439036867527,0,0
96.54829148353042,1.0,2.1904450303320147,0,0
96.56509749187012,1.0,1.2492805420465805,0,0
96.58189935773875,1.0,1.3585798209874447,0,0
96.59869707769387,1.0,2.633422214669047,0,0
96.6154906482925,1.0,1.779575550768818,0,0
96.63228006609107,1.0,1.616489403130681,0,0
96.64906532764545,1.0,2.072447663940625,0,0
96.66584642951095,1.0,1.6295105830175607,0,0
96.68262336824228,1.0,1.332348225350798,0,0
96.69939614039362,1.0,0.8552794075592386,0,0
96.71616474251857,1.0,1.0958169269275861,0,0
96.73292917117018,1.0,1.8920983528425093,0,0
96.74968942290093,1.0,1.1708150464328746,0,0
96.76644549426274,1.0,1.1942264552913529,0,0
96.78319738180696,1.0,0.9550898383722775,0,0
96.79994508208443,1.0,1.3009113850082494,0,0
96.8166885916454,1.0,0.601333070576202,0,0
96.83342790703955,1.0,1.0716388711641336,0,0
96.85016302481606,1.0,1.4224685570436315,0,0
96.8668939415235,1.0,1.6077141707108604,0,0
96.88362065370994,1.0,1.2629012648298474,0,0
96.90034315792289,1.0,0.9455660433647302,0,0
96.91706145070933,1.0,1.3955262604704413,0,0
96.93377552861564,1.0,0.3766686831232334,0,0
96.95048538818773,1.0,1.1886244535037775,0,0
96.9671910259709,1.0,0.7286770685360098,0,0
96.98389243850998,1.0,1.269600996080487,0,0
97.00058962234922,1.0,1.6999866679094704,0,0
97.01728257403232,1.0,1.1191814904206707,0,0
97.0339712901025,1.0,1.773884472040469,0,0
97.0506557671024,1.0,1.5656248342460841,0,0
97.06733600157415,1.0,1.2866103126787578,0,0
97.08401199005935,1.0,1.8473877155807608,0,0
97.10068372909906,1.0,2.289346550731971,0,0
97.11735121523381,1.0,0.8816371551697458,0,0
97.13401444500363,1.0,0.9098393795137021,0,0
97.15067341494802,1.0,1.1523840285775862,0,0
97.16732812160592,1.0,1.4228358598068298,0,0
97.18397856151581,1.0,1.7300566124014598,0,0
97.20062473121561,1.0,2.1927936937967263,0,0
97.21726662724274,1.0,1.3367751620667954,0,0
97.23390424613407,1.0,1.4510142389957896,0,0
97.25053758442601,1.0,1.1304541409608633,0,0
97.26716663865442,1.0,1.0198342399113975,0,0
97.28379140535466,1.0,1.0215133267466583,0,0
97.30041188106158,1.0,1.2079182745713442,0,0
97.31702806230953,1.0,1.1911015659772053,0,0
97.33363994563233,1.0,1.714632885097042,0,0
97.35024752756331,1.0,1.664257903669248,0,0
97.36685080463533,1.0,2.1808795467629984,0,0
97.38344977338068,1.0,0.5592922583711891,0,0
97.40004443033119,1.0,0.34284301523288857,0,0
97.4166347720182,1.0,1.5664672715812662,0,0
97.43322079497256,1.0,1.587166307639932,0,0
97.44980249572455,1.0,1.6028195195306894,0,0
97.46637987080405,1.0,0.940495044268464,0,0
97.4829529167404,1.0,1.5973095900573175,0,0
97.49952163006245,1.0,0.5060742488888663,0,0
97.51608600729858,1.0,0.7090088071323309,0,0
97.53264604497667,1.0,2.0623766495077454,0,0
97.54920173962411,1.0,1.4034036318422787,0,0
97.56575308776782,1.0,1.0936928002596764,0,0
97.58230008593422,1.0,1.088174476942903,0,0
97.59884273064927,1.0,0.7060557161575665,0,0
97.61538101843843,1.0,0.28131855370678405,0,0
97.63191494582668,1.0,1.484059999027659,0,0
97.64844450933853,1.0,1.8310034470540024,0,0
97.66496970549804,1.0,0.8351538663527993,0,0
97.68149053082877,1.0,1.7604162805545336,0,0
97.6980069818538,1.0,1.749804816314912,0,0
97.71451905509576,1.0,-0.058013242629672,0,0
97.73102674707681,1.0,1.3813384797164934,0,0
97.74753005431863,1.0,0.14539883903241185,0,0
97.76402897334245,1.0,1.5226416589662077,0,0
97.78052350066903,1.0,1.0100861599448774,0,0
97.79701363281869,1.0,0.3134237559924529,0,0
97.81349936631123,1.0,-0.3158041587142088,0,0
97.82998069766604,1.0,0.13650925231686126,0,0
97.84645762340205,1.0,0.6486258679233832,0,0
97.86293014003772,1.0,0.3496425095586492,0,0
97.87939824409105,1.0,1.2563413729566173,0,0
97.89586193207961,1.0,1.4351062748315446,0,0
97.91232120052052,1.0,1.6117388456491313,0,0
97.92877604593045,1.0,1.9456639066723933,0,0
97.94522646482557,1.0,0.7592524890010304,0,0
97.96167245372166,1.0,1.3660518169423057,0,0
97.97811400913405,1.0,3.330710924036522,0,0
97.99455112757761,1.0,1.8872327259033974,0,0
98.01098380556681,1.0,0.17710000833851655,0,0
98.0274120396156,1.0,0.6592334192185405,0,0
98.04383582623758,1.0,1.4599560066695656,0,0
98.06025516194586,1.0,1.4864010944744324,0,0
98.07667004325313,1.0,0.9685798279038902,0,0
98.09308046667164,1.0,1.291802490768917,0,0
98.10948642871324,1.0,1.9517816139685729,0,0
98.12588792588929,1.0,1.1562017720697682,0,0
98.14228495471079,1.0,1.5888482006870925,0,0
98.15867751168827,1.0,2.6184922953193746,0,0
98.17506559333185,1.0,2.284583462712812,0,0
98.19144919615121,1.0,2.6323696116307245,0,0
98.20782831665565,1.0,2.2118524959647465,0,0
98.224202951354,1.0,1.8611506877645894,0,0
98.2405730967547,1.0,0.9439222760592357,0,0
98.25693874936577,1.0,1.2501539384749563,0,0
98.27329990569481,1.0,0.8660776242110643,0,0
98.28965656224904,1.0,2.0066896690026708,0,0
98.30600871553517,1.0,0.5272684039963506,0,0
98.32235636205964,1.0,1.1906097941325375,0,0
98.33869949832837,1.0,0.14485296554968458,0,0
98.3550381208469,1.0,2.135043609196882,0,0
98.37137222612043,1.0,1.832556396823333,0,0
98.38770181065365,1.0,1.7923856354694936,0,0
98.40402687095093,1.0,1.115526366279146,0,0
98.42034740351622,1.0,0.6304448697702016,0,0
98.43666340485305,1.0,1.4667469173620338,0,0
98.45297487146456,1.0,1.3478389418955983,0,0
98.46928179985353,1.0,0.932819929489629,0,0
98.4855841865223,1.0,0.9282437388099374,0,0
98.50188202797284,1.0,1.8395642807990562,0,0
98.51817532070672,1.0,0.4672659346028571,0,0
98.53446406122515,1.0,1.0793639519271139,0,0
98.5507482460289,1.0,0.6696359015067407,0,0
98.56702787161842,1.0,0.7848074283112955,0,0
98.5833029344937,1.0,0.7503592940967576,0,0
98.59957343115445,1.0,0.932694526746578,0,0
98.61583935809989,1.0,2.392838837730293,0,0
98.63210071182894,1.0,0.8141040920157979,0,0
98.64835748884012,1.0,0.234938997229015,0,0
98.66460968563155,1.0,0.21899692231913429,0,0
98.68085729870101,1.0,1.1769926266622759,0,0
98.6971003245459,1.0,0.6810890382629041,0,0
98.71333875966323,1.0,1.8693693868873427,0,0
98.72957260054966,1.0,0.10995140044171132,0,0
98.7458018437015,1.0,1.2824459183708385,0,0
98.76202648561465,1.0,0.9072258685298391,0,0
98.77824652278468,1.0,-0.9014257639078102,0,0
98.79446195170681,1.0,2.215095167795217,0,0
98.81067276887586,1.0,1.6787801375215163,0,0
98.82687897078631,1.0,1.1896845352464982,0,0
98.8430805539323,1.0,0.9890678203161689,0,0
98.85927751480759,1.0,1.5841872201396632,0,0
98.87546984990558,1.0,1.5141364656842864,0,0
98.89165755571938,1.0,1.3388929834683332,0,0
98.90784062874167,1.0,1.1431636762614403,0,0
98.92401906546482,1.0,2.3607821679685514,0,0
98.94019286238088,1.0,2.2233586805291936,0,0
98.95636201598148,1.0,2.640439818341048,0,0
98.972526522758,1.0,1.424311281927887,0,0
98.9886863792014,1.0,0.28885949241568837,0,0
99.00484158180235,1.0,3.042209865160221,0,0
99.02099212705116,1.0,1.5021786888335842,0,0
99.0371380114378,1.0,2.0714339724533994,0,0
99.05327923145191,1.0,2.4893749826830733,0,0
99.06941578358283,1.0,2.482677909079205,0,0
99.0855476643195,1.0,2.4652084843823676,0,0
99.10167487015062,1.0,2.3394804806669547,0,0
99.11779739756446,1.0,1.6466193917822094,0,0
99.13391524304902,1.0,1.1474232691099804,0,0
99.15002840309201,1.0,1.4673301759208472,0,0
99.16613687418075,1.0,0.7023547794932881,0,0
99.18224065280229,1.0,-0.1544432976906306,0,0
99.19833973544331,1.0,0.5971763001750432,0,0
99.21443411859025,1.0,-0.6061697234579715,0,0
99.23052379872914,1.0,1.1013561512366468,0,0
99.24660877234575,1.0,2.4275650598591985,0,0
99.26268903592553,1.0,0.3819615636569225,0,0
99.27876458595364,1.0,0.5307715601992972,0,0
99.29483541891489,1.0,0.6968822110298252,0,0
99.31090153129381,1.0,0.6614229405595619,0,0
99.32696291957463,1.0,-0.2800945877295543,0,0
99.34301958024125,1.0,0.2650440841259565,0,0
99.35907150977727,1.0,1.3364409379175322,0,0
99.37511870466602,1.0,0.5254740250516863,0,0
99.39116116139053,1.0,1.27832572423733,0,0
99.40719887643348,1.0,1.0103849719664046,0,0
99.4232318462773,1.0,0.6973745934080441,0,0
99.43926006740415,1.0,0.345455985056157,0,0
99.45528353629584,1.0,0.3376410822289024,0,0
99.4713022494339,1.0,1.9534079852332964,0,0
99.48731620329964,1.0,0.9554860633665546,0,0
99.503325394374,1.0,0.9480848565881692,0,0
99.51932981913767,1.0,0.596386155743566,0,0
99.53532947407106,1.0,1.0065530845385102,0,0
99.55132435565429,1.0,0.8677344850823818,0,0
99.56731446036721,1.0,-0.24967803546810144,0,0
99.58329978468939,1.0,1.92763228093043,0,0
99.5992803251001,1.0,-0.3741050611486918,0,0
99.6152560780784,1.0,1.7048683699632632,0,0
99.631227040103,1.0,1.1122097240328632,0,0
99.64719320765238,1.0,0.8493267005478993,0,0
99.66315457720476,1.0,1.4577346239787121,0,0
99.67911114523807,1.0,2.1264627511557253,0,0
99.69506290822999,1.0,1.1482120670446192,0,0
99.7110098626579,1.0,0.7023413591526053,0,0
99.72695200499899,1.0,1.4967693372813529,0,0
99.74288933173014,1.0,2.747671853488563,0,0
99.75882183932794,1.0,2.044824554834906,0,0
99.7747495242688,1.0,2.021032176509287,0,0
99.79067238302883,1.0,-0.8170668508782144,0,0
99.80659041208392,1.0,2.337074057630914,0,0
99.82250360790964,1.0,1.273969946711089,0,0
99.83841196698137,1.0,0.9312102539488171,0,0
99.85431548577424,1.0,1.1203959521677136,0,0
99.87021416076311,1.0,1.6101580758330456,0,0
99.88610798842262,1.0,2.314841801767921,0,0
99.90199696522714,1.0,2.1902733486877652,0,0
99.9178810876508,1.0,1.4940764473066683,0,0
99.93376035216752,1.0,1.5006493807677581,0,0
99.94963475525098,1.0,2.7204286001133395,0,0
99.96550429337461,1.0,1.625217286120345,0,0
99.98136896301159,1.0,1.920948393008389,0,0
99.99722876063493,1.0,1.7995513853343554,0,0
100.01308368271731,1.0,1.6393592060394766,0,0
100.02893372573126,1.0,1.7081426881825634,0,0
100.04477888614907,1.0,1.144538203316601,0,0
100.06061916044281,1.0,1.0129517250487459,0,0
100.07645454508429,1.0,2.0723232456221625,0,0
100.09228503654515,1.0,1.174263319178002,0,0
100.10811063129675,1.0,1.5944616738196336,0,0
100.1239313258103,1.0,1.9302155635482485,0,0
100.13974711655675,1.0,1.0307924590959754,0,0
100.15555800000683,1.0,-0.07113125547618739,0,0
100.1713639726311,1.0,0.2846911224918593,0,0
100.18716503089989,1.0,0.2695766890076996,0,0
100.2029611712833,1.0,-0.6517924816791528,0,0
100.21875239025125,1.0,0.06017764919925712,0,0
100.23453868427345,1.0,0.5108254947139794,0,0
100.25032004981938,1.0,0.1698257644193874,0,0
100.26609648335835,1.0,0.21136110651935688,0,0
100.28186798135948,1.0,1.5198711768785804,0,0
100.29763454029165,1.0,1.6003325884570263,0,0
100.31339615662358,1.0,0.809083831470336,0,0
100.32915282682377,1.0,1.92468769607644,0,0
100.34490454736056,1.0,0.913386424209231,0,0
100.36065131470208,1.0,1.5193867141629482,0,0
100.37639312531627,1.0,1.4442213587568644,0,0
100.39212997567085,1.0,1.2859825519516674,0,0
100.40786186223346,1.0,-0.8053396196982766,0,0
100.42358878147142,1.0,-0.12733873237603946,0,0
100.43931072985198,1.0,0.9444396551877946,0,0
100.45502770384215,1.0,-1.256048833813213,0,0
100.47073969990876,1.0,0.5160390542381664,0,0
100.48644671451852,1.0,0.04550842296042816,0,0
100.50214874413791,1.0,0.7508466266794198,0,0
100.51784578523325,1.0,-0.22537287402734016,0,0
100.53353783427067,1.0,-0.7519762559059795,0,0
100.5492248877162,1.0,-0.816002594209926,0,0
100.56490694203566,1.0,-0.8208695513942244,0,0
100.58058399369469,1.0,-0.6566119576501309,0,0
100.59625603915876,1.0,0.07939164220805883,0,0
100.61192307489321,1.0,1.329569259875954,0,0
100.62758509736324,1.0,1.2847163116940636,0,0
100.64324210303383,1.0,1.1985567894240272,0,0
100.65889408836986,1.0,0.5510238820391409,0,0
100.674541049836,1.0,0.9256474076240258,0,0
100.69018298389682,1.0,-1.227172840619238,0,0
100.70581988701673,1.0,0.6207367150958593,0,0
100.72145175565996,1.0,0.5417844817554374,0,0
100.73707858629064,1.0,1.383715807479365,0,0
100.75270037537268,1.0,0.6241802246083408,0,0
100.76831711936995,1.0,2.8392638774490817,0,0
100.78392881474612,1.0,1.7838811202754339,0,0
100.7995354579647,1.0,-0.04843741878923057,0,0
100.81513704548908,1.0,1.3094385495480598,0,0
100.83073357378255,1.0,0.05713994717156321,0,0
100.84632503930823,1.0,1.600101736617767,0,0
100.86191143852912,1.0,1.1693264631609062,0,0
100.87749276790805,1.0,1.3069570955412595,0,0
100.89306902390781,1.0,1.915777759089619,0,0
100.908640202991,1.0,0.8947698720411931,0,0
100.92420630162007,1.0,0.4778638698071924,0,0
100.93976731625742,1.0,1.2553711941340562,0,0
100.95532324336527,1.0,-0.40934710116641165,0,0
100.97087407940575,1.0,2.4872285163365295,0,0
100.98641982084088,1.0,0.6319909433689658,0,0
101.00196046413254,1.0,0.6337688554174556,0,0
101.0174960057425,1.0,0.08283290961522062,0,0
101.03302644213244,1.0,0.6503591142151456,0,0
101.0485517697639,1.0,-0.3434362825038322,0,0
101.06407198509834,1.0,2.4820507330400563,0,0
101.07958708459711,1.0,1.0536318903703938,0,0
101.09509706472143,1.0,1.0036132448448716,0,0
101.11060192193244,1.0,0.4165113408168564,0,0
101.12610165269118,1.0,0.6065292733741862,0,0
101.14159625345857,1.0,-0.4383314696118715,0,0
101.15708572069548,1.0,0.20424354810601497,0,0
101.17257005086262,1.0,1.1394929282798647,0,0
101.18804924042067,1.0,-0.5002861844857102,0,0
101.20352328583016,1.0,-0.716961387074243,0,0
101.21899218355159,1.0,-0.47724185324257523,0,0
101.23445593004533,1.0,1.330809461333278,0,0
101.24991452177167,1.0,-0.7006236295468681,0,0
101.26536795519085,1.0,0.7752028369041993,0,0
101.28081622676298,1.0,1.5466819675534813,0,0
101.29625933294811,1.0,1.5716466673370117,0,0
101.31169727020622,1.0,0.6408077240065186,0,0
101.32713003499723,1.0,0.8743589834083324,0,0
101.34255762378092,1.0,0.18117421136655792,0,0
101.35798003301707,1.0,1.4835982593873298,0,0
101.37339725916536,1.0,0.28112495372891505,0,0
101.38880929868537,1.0,0.8512156526321041,0,0
101.40421614803671,1.0,1.7297797931905756,0,0
101.41961780367882,1.0,0.6348802732531885,0,0
101.43501426207112,1.0,0.13332538926317483,0,0
101.45040551967296,1.0,1.8263098123927834,0,0
101.46579157294364,1.0,-0.34453314728503204,0,0
101.48117241834242,1.0,0.5475402369610815,0,0
101.49654805232845,1.0,-0.7533107583307895,0,0
101.5119184713609,1.0,0.17183751988320367,0,0
101.52728367189883,1.0,0.5395729790290043,0,0
101.54264365040126,1.0,1.378140100408542,0,0
101.55799840332719,1.0,1.822263930665665,0,0
101.57334792713556,1.0,2.492257708306489,0,0
101.58869221828522,1.0,0.39453008270961637,0,0
101.60403127323508,1.0,1.532457175457112,0,0
101.6193650884439,1.0,0.27320313514662387,0,0
101.63469366037047,1.0,1.2046954173948488,0,0
101.65001698547353,1.0,0.5338373826228752,0,0
101.66533506021176,1.0,2.15952087334167,0,0
101.68064788104385,1.0,1.3750758819660482,0,0
101.69595544442845,1.0,1.5402197040336385,0,0
101.71125774682412,1.0,1.0708120134287684,0,0
101.72655478468947,1.0,1.8624958136076915,0,0
101.74184655448306,1.0,1.974332249405108,0,0
101.7571330526634,1.0,1.8179697938760353,0,0
101.77241427568904,1.0,-0.4349452781010809,0,0
101.78769022001843,1.0,2.894165066733767,0,0
101.80296088211007,1.0,1.4079684048297785,0,0
101.81822625842241,1.0,1.713257404227734,0,0
101.83348634541392,1.0,1.4435186071591952,0,0
101.848741139543,1.0,0.9581295533472372,0,0
101.86399063726809,1.0,3.479768736990493,0,0
101.87923483504761,1.0,0.14847360985943436,0,0
101.89447372933995,1.0,1.8679446535352793,0,0
101.90970731660354,1.0,-0.15881141277029365,0,0
101.9249355932968,1.0,1.665872261860155,0,0
101.9401585558781,1.0,0.6070671255164888,0,0
101.95537620080586,1.0,2.2842117618172817,0,0
101.97058852453848,1.0,0.9839854540800922,0,0
101.9857955235344,1.0,2.1458752647682506,0,0
102.00099719425204,1.0,2.140347803546734,0,0
102.01619353314982,1.0,1.6443259112708632,0,0
102.03138453668618,1.0,1.4554669409702872,0,0
102.04657020131958,1.0,1.560080193844374,0,0
102.06175052350852,1.0,1.4780367528357046,0,0
102.07692549971148,1.0,-0.22950273803288632,0,0
102.09209512638694,1.0,0.8448219395349973,0,0
102.10725939999347,1.0,0.41371483270555365,0,0
102.12241831698961,1.0,1.6266063247172784,0,0
102.13757187383393,1.0,1.8080876861310593,0,0
102.15272006698504,1.0,2.5788862144358857,0,0
102.1678628929016,1.0,0.6694379995103753,0,0
102.18300034804224,1.0,1.9482617730729832,0,0
102.19813242886568,1.0,1.9321680225536215,0,0
102.21325913183063,1.0,1.530497991344774,0,0
102.22838045339589,1.0,1.833350162176113,0,0
102.24349639002025,1.0,1.1731821507999107,0,0
102.25860693816259,1.0,1.4551607701536133,0,0
102.27371209428176,1.0,1.7177997303411652,0,0
102.28881185483671,1.0,0.4036480245578012,0,0
102.30390621628644,1.0,2.436267022860048,0,0
102.31899517508995,1.0,2.0029525508861643,0,0
102.33407872770634,1.0,2.1265778868965346,0,0
102.34915687059475,1.0,1.1678594645401619,0,0
102.36422960021434,1.0,1.0454289867888689,0,0
102.3792969130244,1.0,0.8129287542525524,0,0
102.39435880548419,1.0,1.4659658943392286,0,0
102.40941527405309,1.0,1.3522908483181684,0,0
102.42446631519053,1.0,-0.2149811413882076,0,0
102.43951192535597,1.0,1.6874808818067424,0,0
102.454552101009,1.0,1.4650449908976504,0,0
102.46958683860922,1.0,1.5456153423106913,0,0
102.48461613461632,1.0,2.029878363803831,0,0
102.49963998549006,1.0,0.257087227977872,0,0
102.5146583876903,1.0,-0.14966386926087588,0,0
102.52967133767694,1.0,1.5683199158924332,0,0
102.54467883190998,1.0,0.4083740591242385,0,0
102.55968086684948,1.0,0.8866103624903248,0,0
102.57467743895558,1.0,1.9329044756319547,0,0
102.58966854468854,1.0,0.3629349713982573,0,0
102.60465418050865,1.0,0.611690433700802,0,0
102.61963434287634,1.0,1.4959153983882127,0,0
102.63460902825211,1.0,2.121138562418541,0,0
102.64957823309655,1.0,0.44846727009449705,0,0
102.66454195387035,1.0,0.5721387549126071,0,0
102.67950018703426,1.0,2.652469567423946,0,0
102.69445292904919,1.0,1.4296439120650384,0,0
102.70940017637608,1.0,-1.278096497921904,0,0
102.72434192547604,1.0,1.7728504049209557,0,0
102.73927817281024,1.0,2.021729491800648,0,0
102.75420891483996,1.0,1.4725075268418604,0,0
102.76913414802661,1.0,1.8077187087591522,0,0
102.78405386883165,1.0,0.7441664255730628,0,0
102.79896807371674,1.0,1.4114176246015018,0,0
102.81387675914357,1.0,2.2199450346918193,0,0
102.82877992157401,1.0,1.4671857387995153,0,0
102.84367755747002,1.0,0.3977625666209276,0,0
102.85856966329366,1.0,1.660071676040226,0,0
102.87345623550715,1.0,0.16155318151582357,0,0
102.88833727057278,1.0,0.9278334839151177,0,0
102.90321276495303,1.0,1.5560773427101213,0,0
102.91808271511044,1.0,1.0535261194380994,0,0
102.93294711750775,1.0,0.8868769334893775,0,0
102.9478059686078,1.0,0.9505863631314028,0,0
102.96265926487352,1.0,0.6725091320814999,0,0
102.97750700276805,1.0,-0.7545733851614298,0,0
102.99234917875461,1.0,2.136627938165135,0,0
103.0071857892966,1.0,0.26103844349712935,0,0
103.02201683085752,1.0,0.725604040738965,0,0
103.03684229990105,1.0,0.1854502628121207,0,0
103.05166219289097,1.0,-0.859345680535519,0,0
103.06647650629128,1.0,0.1600181449825639,0,0
103.08128523656606,1.0,-0.8739631942155708,0,0
103.09608838017957,1.0,1.4481499320670614,0,0
103.11088593359622,1.0,1.0212281855027423,0,0
103.12567789328058,1.0,0.4650193884646083,0,0
103.14046425569737,1.0,-1.1300876517280174,0,0
103.15524501731146,1.0,0.9776526490405477,0,0
103.1700201745879,1.0,0.8524714936895682,0,0
103.18478972399191,1.0,-0.08366627958652798,0,0
103.19955366198886,1.0,-0.1745256345488861,0,0
103.21431198504426,1.0,0.9405605232190171,0,0
103.22906468962384,1.0,0.9372909777042906,0,0
103.24381177219348,1.0,1.1202037607717394,0,0
103.25855322921922,1.0,0.12307023430719367,0,0
103.27328905716729,1.0,0.18163066434888064,0,0
103.2880192525041,1.0,1.1782618431532306,0,0
103.30274381169622,1.0,1.4831355821584613,0,0
103.31746273121044,1.0,0.919348865788096,0,0
103.3321760075137,1.0,1.1873179130195444,0,0
103.34688363707312,1.0,2.1744000044830036,0,0
103.36158561635602,1.0,1.2647516377143544,0,0
103.37628194182992,1.0,2.3801314869712704,0,0
103.39097260996252,1.0,0.303041270528043,0,0
103.4056576172217,1.0,1.3141702709019862,0,0
103.42033696007559,1.0,1.1778014317855228,0,0
103.43501063499244,1.0,1.6120211800148547,0,0
103.44967863844076,1.0,1.0461184490281012,0,0
103.46434096688921,1.0,0.31732637420086995,0,0
103.47899761680672,1.0,1.6009365595232963,0,0
103.49364858466237,1.0,-0.5002658472555142,0,0
103.50829386692546,1.0,0.9539729263975743,0,0
103.5229334600655,1.0,1.1762505284499571,0,0
103.53756736055223,1.0,2.01179142756183,0,0
103.5521955648556,1.0,1.0811382071734679,0,0
103.56681806944574,1.0,2.6081763692186066,0,0
103.58143487079305,1.0,1.0238255931343025,0,0
103.59604596536809,1.0,0.7944352914107076,0,0
103.61065134964171,1.0,0.5823049124801605,0,0
103.62525102008493,1.0,1.0421932881531129,0,0
103.63984497316902,1.0,0.5125897755112684,0,0
103.65443320536548,1.0,-1.1621638014646296,0,0
103.66901571314601,1.0,0.5255173070863504,0,0
103.6835924929826,1.0,0.028635403727486044,0,0
103.6981635413474,1.0,1.7190476890286865,0,0
103.71272885471285,1.0,0.9210501835873426,0,0
103.72728842955163,1.0,0.4342792787565391,0,0
103.74184226233663,1.0,-0.09539150013876128,0,0
103.756390349541,1.0,1.810670975304601,0,0
103.77093268763812,1.0,0.26905516364145593,0,0
103.78546927310165,1.0,2.058012306231262,0,0
103.80000010240545,1.0,-0.45450457820525647,0,0
103.81452517202366,1.0,1.8859387014922386,0,0
103.82904447843067,1.0,-0.14217123661943706,0,0
103.84355801810113,1.0,0.8942097231370665,0,0
103.85806578750993,1.0,1.1110300511236217,0,0
103.87256778313221,1.0,1.5150558674098789,0,0
103.8870640014434,1.0,1.039384181161293,0,0
103.90155443891922,1.0,0.4628739546188856,0,0
103.91603909203556,1.0,0.976035364757487,0,0
103.93051795726865,1.0,0.10036874912177429,0,0
103.94499103109497,1.0,1.203861387599711,0,0
103.95945830999128,1.0,1.671763063217419,0,0
103.97391979043459,1.0,2.0561795299600125,0,0
103.98837546890222,1.0,2.8057838075572077,0,0
104.00282534187173,1.0,1.9190690935723256,0,0
104.017269405821,1.0,1.7922445053384053,0,0
104.03170765722811,1.0,2.3593880961284395,0,0
104.04614009257153,1.0,2.408771549215438,0,0
104.06056670832997,1.0,0.5159127955819383,0,0
104.0749875009824,1.0,1.6113985590121267,0,0
104.08940246700811,1.0,1.6843422737281495,0,0
104.10381160288668,1.0,1.4738871119866892,0,0
104.11821490509797,1.0,1.8304440007280902,0,0
104.13261237012213,1.0,1.171290145060269,0,0
104.14700399443964,1.0,1.890687149401108,0,0
104.16138977453126,1.0,2.9139218615171445,0,0
104.17576970687804,1.0,2.2152987390469425,0,0
104.19014378796138,1.0,2.603921074830159,0,0
104.2045120142629,1.0,2.495951485907522,0,0
104.21887438226463,1.0,2.2087231964580756,0,0
104.23323088844882,1.0,1.7357961858022581,0,0
104.24758152929812,1.0,2.129583494797508,0,0
104.2619263012954,1.0,2.098157739635765,0,0
104.27626520092392,1.0,2.242203078045229,0,0
104.29059822466722,1.0,0.9385451172773877,0,0
104.30492536900918,1.0,1.4486428125226856,0,0
104.31924663043401,1.0,1.351778428979865,0,0
104.33356200542619,1.0,1.9253475208197341,0,0
104.34787149047061,1.0,0.974593893049592,0,0
104.36217508205242,1.0,2.2180222649627677,0,0
104.37647277665712,1.0,1.2992029565136434,0,0
104.39076457077059,1.0,1.0754658282867873,0,0
104.40505046087895,1.0,0.7411040740442429,0,0
104.41933044346874,1.0,1.194228044859163,0,0
104.43360451502681,1.0,1.0742422670746,0,0
104.44787267204038,1.0,0.30057587318660284,0,0
104.46213491099692,1.0,1.3377280406580876,0,0
104.47639122838436,1.0,0.23826061380754485,0,0
104.49064162069092,1.0,1.2955426100278764,0,0
104.5048860844052,1.0,1.0739436268402056,0,0
104.51912461601609,1.0,0.5431705971970447,0,0
104.53335721201287,1.0,0.8867118798847193,0,0
104.54758386888523,1.0,1.0404870960271253,0,0
104.56180458312312,1.0,1.0086587840517054,0,0
104.57601935121691,1.0,0.5963862294519658,0,0
104.59022816965734,1.0,1.2274500807908324,0,0
104.60443103493549,1.0,1.9981835200758593,0,0
104.61862794354279,1.0,0.9966033610042868,0,0
104.63281889197108,1.0,0.4281433807792513,0,0
104.64700387671255,1.0,0.6600432126265294,0,0
104.66118289425974,1.0,1.0968597889264347,0,0
104.67535594110561,1.0,0.9113252118193802,0,0
104.68952301374348,1.0,-0.24565198257240597,0,0
104.70368410866703,1.0,1.5001062123354212,0,0
104.71783922237034,1.0,0.7939985879357107,0,0
104.73198835134785,1.0,2.2449696444395566,0,0
104.74613149209443,1.0,2.0429614347154006,0,0
104.7602686411053,1.0,1.352975638495127,0,0
104.77439979487608,1.0,1.4050906219636392,0,0
104.78852494990278,1.0,1.0762156297940888,0,0
104.80264410268182,1.0,1.7394669801155342,0,0
104.81675724970998,1.0,2.2633440691542206,0,0
104.83086438748445,1.0,1.3820000410872748,0,0
104.84496551250287,1.0,2.3975632097462847,0,0
104.85906062126321,1.0,2.091509543955261,0,0
104.87314971026389,1.0,0.9072974287607276,0,0
104.88723277600371,1.0,1.2423395223309226,0,0
104.90130981498191,1.0,1.8180289154438576,0,0
104.9153808236981,1.0,3.88743991991218,0,0
104.92944579865232,1.0,1.259001110689295,0,0
104.94350473634506,1.0,1.5896127069794472,0,0
104.95755763327716,1.0,1.2986409800635463,0,0
104.97160448594994,1.0,3.9255628910124454,0,0
104.98564529086511,1.0,2.524794786333064,0,0
104.99968004452481,1.0,3.2174560586291743,0,0
105.0137087434316,1.0,2.627713639989348,0,0
105.02773138408845,1.0,0.58746448727575,0,0
105.04174796299881,1.0,2.8881257248021823,0,0
105.05575847666653,1.0,-0.32728530623813773,0,0
105.06976292159588,1.0,1.1563538359580445,0,0
105.0837612942916,1.0,2.1282034090697515,0,0
105.09775359125885,1.0,1.1046651342272646,0,0
105.11173980900324,1.0,2.362279210653468,0,0
105.12571994403079,1.0,5.665932183256865,0,0
105.13969399284801,1.0,5.521935593527104,0,0
105.15366195196181,1.0,1.0889565168565973,0,0
105.16762381787959,1.0,-7.406105434246759,0,0
105.18158263632625,1.0,-7.406472295060241,0,0
