# micron,En90
126.47271,14.62576
123.46147,31.75221
120.59027,38.25312
117.84958,42.9333
115.23071,34.43975
112.72569,29.92915
110.32727,36.85313
108.02879,52.61288
105.82413,69.25111
103.70764,76.28838
101.67416,78.35803
99.71889,75.00533
97.8374,70.01729
96.0256,67.93828
94.27967,84.40202
92.59611,88.76446
90.97161,82.61188
89.40314,93.82986
87.88783,104.2421
86.42303,105.28677
85.00626,103.57317
83.63519,108.00385
82.30764,106.19911
81.02158,108.16426
79.7751,112.38644
78.56638,127.91846
77.39375,136.1217
76.25561,133.86546
75.15045,136.14178
74.07687,145.28685
73.03354,150.87206
72.01918,155.15711
71.03262,162.0826
70.07271,167.71591
69.13841,168.87861
68.22869,173.37118
67.34261,178.3025
66.47924,178.82045
65.63773,176.62686
64.81726,174.84795
64.01704,178.30908
63.23635,179.6975
62.47446,180.42862
61.73072,182.98276
61.00451,184.77024
60.29516,186.47781
59.60211,189.91837
58.92481,191.91365
58.26273,191.16841
57.61537,190.57058
56.98223,192.02909
56.36286,194.78482
55.75681,197.06509
55.16365,200.24452
54.58298,204.76205
54.0144,209.55761
53.45755,215.29933
52.91207,220.0913
52.3776,222.94014
51.85383,226.42521
51.34042,230.51925
50.83708,238.65061
50.34352,247.39985
49.85945,254.10327
49.38459,267.73701
48.9187,285.18997
48.46152,295.25905
48.0128,313.01766
47.57231,330.18388
47.13984,346.84026
46.71515,375.02609
46.29805,408.81983
45.88834,446.73026
45.48581,487.82684
45.48579,458.16668
45.38626,471.91464
45.28717,485.11279
45.18849,498.85239
45.09026,514.47623
44.99245,530.37261
44.89507,544.25933
44.79809,556.6477
44.70155,569.06948
44.60542,581.05931
44.50971,590.9038
44.41438,598.47384
44.31948,604.6694
44.22499,609.651
44.1309,612.37184
44.03721,611.43148
43.94389,605.61877
43.85099,595.63146
43.75849,584.43879
43.66637,571.63907
43.57462,556.14962
43.48327,537.72626
43.39231,515.6868
43.3017,491.81076
43.2115,469.71705
43.12166,449.55058
43.0322,429.60694
42.9431,411.18318
42.85438,396.32928
42.76602,384.03915
42.67803,372.41582
42.59038,362.05503
42.50311,354.69516
42.4162,350.08155
42.32964,346.69642
42.24341,344.56503
42.15756,344.81514
42.07205,347.06359
41.98689,349.80851
41.90207,352.94229
41.81758,357.7227
41.73344,364.34858
41.64964,371.69545
41.56618,378.72312
41.48304,385.15855
41.40024,390.80996
41.31777,394.73905
41.23563,396.04772
41.1538,394.86505
41.07232,391.3113
40.99115,384.83077
40.9103,375.55189
40.82976,364.5137
40.74955,352.4986
40.66965,340.3185
40.59007,328.8099
40.51078,318.14852
40.43181,307.07193
40.35315,294.79778
40.27479,284.53145
40.19674,277.98919
40.11899,272.96
40.04155,267.90826
39.9644,262.89952
39.88753,258.6896
39.81098,255.22016
39.73472,251.97396
39.65874,249.02257
39.58305,246.68008
39.50766,244.082
39.43255,240.19026
39.35773,238.37642
39.28318,240.69689
39.20892,243.13955
39.13495,244.6934
39.06125,245.96286
38.98781,247.15426
38.91467,248.75552
38.8418,251.12372
38.7692,253.79664
38.69686,256.42714
38.6248,259.4082
38.55301,263.15259
38.48149,267.65542
38.41022,272.80922
38.33922,278.74099
38.26849,285.42774
38.19802,292.57051
38.1278,300.32545
38.05783,309.20523
37.98813,318.94257
37.91869,328.17098
37.84948,335.6225
37.78054,341.02012
37.71186,344.67287
37.64342,347.60593
37.57521,351.34764
37.50727,356.5387
37.43957,362.77059
37.37211,369.50379
37.30489,376.5022
37.23791,383.79036
37.17118,391.71623
37.10469,400.8089
37.03842,410.85381
36.9724,421.34925
36.90662,432.26884
36.84107,443.54644
36.77574,455.32483
36.71065,467.95966
36.6458,481.30737
36.58117,495.06756
36.51675,509.29571
36.45258,523.79649
36.38863,538.11995
36.32491,552.34906
36.26139,566.90056
36.19811,581.67999
36.13505,595.51713
36.07221,607.08041
36.00958,616.91247
35.94717,628.26563
35.88498,641.26027
35.82301,650.75657
35.76124,655.87794
35.69969,658.27867
35.63835,658.61284
35.57722,657.07516
35.5163,653.78624
35.45559,648.56419
35.39509,642.15551
35.33479,636.05405
35.2747,629.98669
35.2148,622.8774
35.15512,615.32604
35.09564,609.38122
35.03636,605.65246
34.97726,603.171
34.91838,601.58031
34.8597,601.10107
34.80121,601.7154
34.74291,603.53141
34.68482,606.77925
34.62691,611.62328
34.56921,618.49196
34.51168,627.24831
34.45435,636.81422
34.39722,646.87485
34.34027,657.50879
34.2835,668.6354
34.22693,680.15685
34.17055,691.39149
34.11435,701.60842
34.05832,710.5801
34.00249,718.02769
33.94684,723.184
33.89138,725.82135
33.83608,726.11873
33.78098,723.86548
33.72605,719.77203
33.67129,715.30644
33.61672,711.26296
33.56233,707.44383
33.50811,703.23945
33.45406,698.54032
33.40019,693.08258
33.34649,686.20715
33.29297,678.14466
33.23961,669.55443
33.18643,659.93865
33.13342,648.30877
33.08058,633.30337
33.02789,613.08584
32.97539,592.69948
32.92305,578.26222
32.87087,565.47391
32.81885,551.4396
32.76701,537.27701
32.71533,523.53472
32.66381,510.28636
32.61246,498.37216
32.56125,488.89521
32.51022,481.59178
32.45934,475.05093
32.40863,468.7895
32.35806,463.57576
32.30766,459.85609
32.25742,457.47915
32.20733,456.42189
32.15739,456.57899
32.10761,457.44212
32.05799,458.63592
32.00852,460.64449
31.95919,464.46799
31.91003,470.18629
31.86101,477.09037
31.81215,484.97537
31.76343,494.06812
31.71486,504.4722
31.66644,516.0914
31.61817,529.14849
31.57004,543.95319
31.52206,559.44324
31.47423,573.81571
31.42655,586.39548
31.37901,597.44634
31.3316,606.93395
31.28434,614.88238
31.23723,622.00772
31.19026,628.6324
31.14342,633.98259
31.09673,637.42549
31.05018,639.50473
31.00376,640.96096
30.95749,641.63472
30.91136,640.74715
30.86536,637.83158
30.81949,633.63109
30.77377,629.24551
30.72818,625.18706
30.68272,621.89462
30.6374,619.93989
30.59221,619.02453
30.54716,618.68027
30.50224,620.21236
30.45744,624.54323
30.41278,630.70537
30.36826,638.19732
30.32386,647.50155
30.27959,658.82144
30.23545,671.21273
30.19144,684.25696
30.14756,699.29705
30.1038,717.3916
30.06017,737.26028
30.01667,758.47033
29.9733,778.51089
29.93004,800.33766
29.88691,820.32841
29.84391,838.87323
29.80104,859.08539
29.75827,881.91937
29.71564,905.85236
29.67313,930.483
29.63074,958.1615
29.58847,984.71438
29.54632,1008.32233
29.5043,1032.55177
29.46239,1058.37803
29.4206,1084.53584
29.37892,1110.27272
29.33737,1134.01326
29.29593,1156.64643
29.25462,1179.46939
29.21341,1199.51714
29.17232,1215.77717
29.13135,1232.04731
29.09049,1249.32852
29.04975,1266.60577
29.00912,1278.10947
28.9686,1287.88201
28.9282,1299.37578
28.88791,1310.88916
28.84773,1321.54894
28.80767,1334.53192
28.76771,1350.23077
28.72786,1363.77026
28.68813,1373.17378
28.64851,1382.66395
28.609,1395.12508
28.56958,1406.85672
28.53029,1415.84282
28.4911,1424.28135
28.45202,1433.62705
28.41304,1440.19772
28.37417,1443.08274
28.33541,1446.05062
28.29676,1447.21077
28.2582,1449.40646
28.21975,1452.43502
28.18141,1452.73958
28.14317,1453.3766
28.10504,1453.32167
28.06701,1451.53403
28.02908,1448.53335
27.99125,1448.83728
27.95353,1449.09346
27.91591,1443.97351
27.87839,1438.19097
27.84096,1434.98256
27.80364,1430.16371
27.76642,1423.46317
27.72931,1417.09551
27.69228,1413.47435
27.65536,1410.49355
27.61853,1406.68011
27.58181,1401.31444
27.54518,1399.74902
27.50864,1404.06568
27.47221,1409.84613
27.43587,1414.95033
27.39963,1423.38666
27.36348,1435.88551
27.32743,1448.5135
27.29147,1462.75665
27.25561,1480.06062
27.21984,1498.92255
27.18417,1519.67225
27.14859,1540.50975
27.1131,1559.61169
27.0777,1580.41338
27.0424,1599.4331
27.00719,1614.79413
26.97207,1628.87625
26.93704,1641.87873
26.9021,1650.15939
26.86725,1651.45735
26.8325,1648.19761
26.79783,1643.13474
26.76325,1634.09895
26.72876,1620.13988
26.69436,1601.60497
26.66005,1581.8647
26.62583,1561.2412
26.59169,1539.26965
26.55765,1514.63127
26.52369,1488.1018
26.48981,1464.32683
26.45602,1441.80508
26.42232,1416.54406
26.38871,1393.6457
26.35517,1372.94875
26.32173,1351.80025
26.28837,1331.83051
26.25508,1312.30398
26.22189,1295.26041
26.18879,1277.06869
26.15576,1258.53264
26.12282,1241.70496
26.08996,1226.44665
26.05719,1211.45066
26.02449,1198.79484
25.99188,1188.52201
25.95935,1179.42545
25.9269,1169.06619
25.89453,1160.30194
25.86224,1153.2169
25.83004,1147.08222
25.79791,1141.95843
25.76586,1136.42939
25.73389,1132.32538
25.70201,1130.2558
25.6702,1130.0143
25.63847,1129.96268
25.60681,1131.41054
25.57524,1136.49798
25.54374,1143.71119
25.51233,1152.10083
25.48098,1165.47624
25.44972,1183.43507
25.41853,1205.31164
25.38742,1231.51601
25.35638,1261.64638
25.32542,1296.08635
25.29454,1332.80111
25.26373,1367.62744
25.233,1394.66525
25.20233,1410.61665
25.17175,1416.03621
25.14124,1413.39457
25.1108,1404.21772
25.08043,1390.74235
25.05014,1376.70477
25.01993,1362.95147
24.98979,1349.1714
24.95971,1334.01387
24.92971,1319.09612
24.89978,1307.22728
24.86993,1297.30364
24.84014,1290.60076
24.81043,1287.51945
24.78079,1287.62937
24.75122,1288.50873
24.72171,1290.98372
24.69228,1296.36677
24.66293,1304.59451
24.63364,1316.27064
24.60441,1330.99498
24.57526,1346.29307
24.54618,1363.88469
24.51717,1382.78143
24.48821,1402.62149
24.45934,1425.84556
24.43053,1451.53971
24.40179,1480.18847
24.37311,1511.95825
24.34451,1544.31032
24.31597,1577.23072
24.2875,1610.38497
24.25909,1646.64195
24.23075,1681.25033
24.20247,1716.44491
24.17426,1754.48131
24.14612,1788.83117
24.11805,1821.0031
24.09004,1853.92689
24.06208,1884.85902
24.0342,1911.20016
24.00639,1934.18386
23.97864,1954.96198
23.95094,1974.75668
23.92332,1992.28738
23.89576,2008.41264
23.86826,2023.97914
23.84083,2038.5291
23.81345,2049.79962
23.78615,2059.64459
23.7589,2068.24977
23.73172,2078.30706
23.70459,2088.287
23.67753,2096.27583
23.65054,2102.88506
23.6236,2109.53823
23.59672,2115.53325
23.56991,2119.26403
23.54316,2119.82662
23.51646,2118.81271
23.48983,2117.93017
23.46326,2117.4272
23.43675,2115.01976
23.41029,2110.6506
23.3839,2101.68582
23.35757,2086.94126
23.33129,2075.19744
23.30508,2063.90905
23.27892,2051.00479
23.25282,2035.55739
23.22679,2014.89128
23.20081,1989.51166
23.17489,1965.48837
23.14902,1939.88098
23.12321,1915.66984
23.09746,1892.00287
23.07177,1864.82016
23.04613,1834.79357
23.02055,1805.33496
22.99503,1776.34766
22.96957,1746.84693
22.94416,1718.73213
22.91881,1694.14485
22.89351,1672.43311
22.86827,1650.35397
22.84308,1629.44558
22.81795,1610.84117
22.79288,1594.70222
22.76786,1580.69559
22.74289,1569.77013
22.71798,1560.36297
22.69313,1551.94266
22.66832,1544.34643
22.64358,1539.95643
22.61889,1537.8868
22.59425,1535.28161
22.56966,1532.23077
22.54513,1529.73617
22.52065,1528.7865
22.49623,1528.20101
22.47185,1528.39773
22.44753,1529.1402
22.42326,1532.21509
22.39905,1538.26784
22.37488,1547.18898
22.35077,1556.55583
22.32672,1566.79678
22.30271,1581.38709
22.27875,1598.17495
22.25485,1618.64703
22.231,1641.23519
22.2072,1664.83339
22.18344,1692.91411
22.15974,1721.43935
22.13609,1748.95185
22.1125,1778.18457
22.08895,1810.26358
22.06544,1845.31417
22.042,1878.93832
22.0186,1910.59886
21.99525,1942.74918
21.97195,1973.34485
21.9487,2003.36846
21.9255,2032.0247
21.90235,2056.32036
21.87924,2079.31463
21.85618,2101.68082
21.83318,2120.3735
21.81022,2131.50466
21.78731,2138.93771
21.76445,2142.50753
21.74164,2145.46835
21.71887,2147.73656
21.69615,2141.45126
21.67348,2131.66751
21.65086,2121.18595
21.62828,2110.51303
21.60575,2098.22811
21.58327,2080.08807
21.56083,2058.0174
21.53844,2040.9348
21.5161,2027.14814
21.4938,2008.61697
21.47155,1991.01943
21.44935,1977.31351
21.42719,1964.34029
21.40508,1954.78331
21.38301,1946.48986
21.36099,1934.88047
21.33901,1927.87243
21.31708,1925.45613
21.2952,1924.73394
21.27335,1925.38683
21.25156,1925.77813
21.2298,1928.31192
21.2081,1929.68307
21.18643,1931.31842
21.16481,1937.68539
21.14324,1948.24999
21.12171,1959.23323
21.10022,1972.21318
21.07878,1991.27914
21.05738,2015.55163
21.03602,2041.92983
21.01471,2069.07972
20.99344,2102.44798
20.97221,2140.61625
20.95103,2177.65885
20.92989,2218.37128
20.90879,2261.69187
20.88773,2308.77865
20.86672,2355.53385
20.84575,2400.24992
20.82482,2440.05542
20.80393,2468.94605
20.78309,2492.40951
20.76228,2513.13364
20.74152,2522.49884
20.7208,2518.55447
20.70012,2504.60254
20.67948,2480.66914
20.65888,2449.76452
20.63833,2419.02106
20.61781,2384.22418
20.59734,2341.98655
20.5769,2302.8335
20.55651,2269.94483
20.53616,2244.94366
20.51585,2224.46076
20.49557,2208.33216
20.47534,2198.16765
20.45515,2194.69006
20.435,2194.72881
20.41488,2201.52636
20.39481,2217.76078
20.37477,2239.47401
20.35478,2265.59088
20.33483,2296.49384
20.31491,2329.47907
20.29503,2365.93759
20.27519,2409.45479
20.25539,2457.00242
20.23563,2509.09387
20.21591,2559.2561
20.19622,2603.24473
20.17657,2649.80073
20.15697,2706.85564
20.1374,2767.00943
20.11787,2821.09248
20.09837,2869.47814
20.07891,2918.30261
20.0595,2977.88865
20.04012,3033.69531
20.02077,3074.59937
20.00146,3116.18565
19.9822,3166.35973
19.96296,3213.58436
19.94377,3261.849
19.92461,3313.49918
19.90549,3362.62511
19.8864,3407.38144
19.86735,3466.22854
19.84834,3534.11221
19.82937,3589.03574
19.81043,3638.91379
19.79152,3689.08894
19.77266,3761.6926
19.75383,3824.87411
19.73503,3882.09226
19.71627,3926.53981
19.69755,3943.16816
19.67886,4008.97771
19.66021,4071.7649
19.64159,4095.23902
19.62301,4118.45043
19.60446,4151.01167
19.58595,4173.09927
19.56747,4187.10143
19.54903,4199.78288
19.53062,4200.63773
19.51225,4192.56133
19.49391,4185.71088
19.4756,4186.52078
19.45733,4184.31196
19.4391,4166.75504
19.4209,4159.19366
19.40273,4149.22265
19.3846,4132.40736
19.3665,4115.79804
19.34843,4095.94196
19.3304,4052.75556
19.3124,4020.20414
19.29444,4001.78045
19.27651,3980.49655
19.25861,3948.15342
19.24074,3919.68252
19.22291,3898.79087
19.20511,3851.65608
19.18734,3802.14868
19.16961,3767.35608
19.15191,3732.89774
19.13424,3688.18638
19.11661,3643.70177
19.099,3603.71559
19.08143,3559.4854
19.06389,3523.57098
19.04639,3488.39935
19.02892,3439.26881
19.01148,3396.77191
18.99407,3347.29798
18.97669,3297.13494
18.95934,3245.76345
18.94203,3192.64531
18.92474,3138.47364
18.90749,3089.38552
18.89027,3040.64972
18.87308,2989.85859
18.85593,2943.41915
18.8388,2898.80314
18.8217,2854.18025
18.80464,2806.44289
18.78761,2770.0994
18.7706,2742.86709
18.75363,2719.7292
18.73669,2699.5568
18.71978,2685.86979
18.7029,2674.68378
18.68605,2662.25161
18.66923,2658.78711
18.65245,2661.39224
18.63569,2667.48224
18.61896,2674.24453
18.60226,2675.76087
18.58559,2682.56692
18.56895,2688.08984
18.55234,2686.43872
18.53576,2692.14791
18.51921,2702.92815
18.50269,2707.25731
18.4862,2710.94693
18.46974,2717.81525
18.45331,2724.2308
18.4369,2722.26547
18.42053,2710.86938
18.40419,2703.53283
18.38787,2697.76846
18.37159,2683.6705
18.35533,2669.52153
18.3391,2655.05911
18.32289,2634.90743
18.30672,2609.79491
18.29058,2587.84705
18.27447,2562.54131
18.25838,2528.76041
18.24232,2495.83621
18.22629,2461.79804
18.21029,2428.92395
18.19431,2396.85763
18.17837,2362.77573
18.16245,2333.54426
18.14656,2303.18171
18.1307,2272.48569
18.11487,2240.46135
18.09906,2213.52625
18.08328,2191.74379
18.06753,2166.76555
18.0518,2141.15461
18.0361,2119.46508
18.02043,2105.18048
18.00479,2097.55205
17.98918,2087.48756
17.97359,2075.37697
17.95803,2067.91032
17.94249,2066.5868
17.92698,2070.0855
17.9115,2072.79719
17.89605,2073.28172
17.88062,2075.01585
17.86522,2081.73836
17.84985,2089.55085
17.8345,2092.26349
17.81918,2089.9774
17.80388,2096.45654
17.78861,2106.48385
17.77337,2113.55431
17.75815,2117.97657
17.74296,2120.28488
17.72779,2126.59336
17.71266,2131.9375
17.69754,2132.48063
17.68246,2129.6233
17.66739,2126.66494
17.65236,2120.64304
17.63735,2112.01211
17.62236,2098.84467
17.6074,2087.1438
17.59247,2075.1702
17.57756,2059.77553
17.56268,2043.20626
17.54782,2023.85488
17.53298,2002.26983
17.51818,1980.28244
17.50339,1955.31123
17.48863,1930.77119
17.4739,1906.20608
17.45919,1881.22811
17.44451,1847.83144
17.42985,1813.49896
17.41521,1782.9043
17.4006,1747.92755
17.38602,1711.79647
17.37146,1679.05417
17.35692,1642.7682
17.34241,1605.22537
17.32792,1570.99804
17.31346,1536.85294
17.29901,1503.30253
17.2846,1470.4102
17.2846,1475.10731
17.27021,1440.18784
17.25584,1402.38776
17.2415,1365.92636
17.22718,1335.82814
17.21288,1308.18283
17.19861,1283.34362
17.18436,1262.13894
17.17014,1242.05808
17.15593,1214.19535
17.14176,1186.68508
17.1276,1160.1345
17.11347,1131.92622
17.09936,1099.35205
17.08528,1067.86032
17.07121,1041.13062
17.05718,1018.53705
17.04316,1001.4445
17.02917,986.60861
17.01519,972.25685
17.00125,956.87369
16.98733,941.70746
16.97342,927.08494
16.95955,909.18347
16.94569,885.5453
16.93186,862.84223
16.91805,846.15602
16.90426,831.90387
16.89049,819.19798
16.87675,808.64709
16.86303,800.42129
16.84933,795.4397
16.83565,790.15245
16.822,781.93954
16.80837,775.06218
16.79475,768.04206
16.78117,759.75909
16.7676,752.71976
16.75406,742.16295
16.74054,733.193
16.72704,731.40768
16.71356,730.64518
16.7001,730.26104
16.68667,732.78787
16.67325,735.14787
16.65986,735.06265
16.64649,733.94224
16.63314,729.15925
16.61981,720.13304
16.6065,712.40492
16.59322,706.68671
16.57996,698.85623
16.56671,694.4724
16.55349,692.86019
16.54029,695.51781
16.52711,697.05763
16.51395,696.69316
16.50081,693.20036
16.4877,689.0097
16.4746,684.22783
16.46153,676.32582
16.44847,669.44014
16.43544,659.79504
16.42243,651.66317
16.40944,646.85871
16.39646,642.25928
16.38351,638.42564
16.37058,637.08929
16.35767,635.07457
16.34478,631.49682
16.33191,626.27938
16.31906,618.01904
16.30623,607.83443
16.29342,597.36097
16.28063,585.90469
16.26786,574.0408
16.25511,563.95672
16.24238,557.15955
16.22967,552.09889
16.21699,547.79965
16.20431,542.96985
16.19167,536.22212
16.17904,528.14546
16.16643,518.96961
16.15384,509.96637
16.14126,500.77651
16.12871,490.71667
16.11618,480.36909
16.10367,470.99284
16.09117,462.84026
16.0787,458.92883
16.06625,458.84525
16.05381,458.79685
16.0414,455.94272
16.029,450.86978
16.01662,445.58356
16.00426,436.26326
15.99192,427.4083
15.9796,421.25831
15.9673,415.89587
15.95502,411.02694
15.94276,407.94712
15.93051,407.00785
15.91828,409.49123
15.90608,415.20583
15.89389,422.91768
15.88172,426.26943
15.86957,426.63924
15.85744,426.89521
15.84532,427.31356
15.83322,428.25911
15.82115,430.91741
15.80909,434.94884
15.79705,442.03527
15.78503,450.92968
15.77302,462.97213
15.76104,478.85325
15.74907,495.84136
15.73712,513.32925
15.72519,528.28725
15.71328,538.68991
15.70138,550.10915
15.6895,565.65529
15.67765,580.08091
15.6658,595.45438
15.65398,613.86815
15.64217,635.57292
15.63039,659.79266
15.61862,684.49342
15.60686,708.80545
15.59513,735.03237
15.58341,758.68894
15.57172,777.89773
15.56003,793.41273
15.54837,806.24059
15.53672,817.40638
15.52509,826.27183
15.51348,838.04175
15.50189,850.33305
15.49031,856.5559
15.47875,861.52596
15.46721,864.24422
15.45568,862.9491
15.44417,858.51769
15.43268,848.21203
15.42121,833.45558
15.40975,817.51198
15.39831,801.12392
15.38689,781.94987
15.37548,761.4245
15.36409,744.40873
15.35272,727.89666
15.34136,712.3258
15.33003,698.47183
15.3187,684.37908
15.3074,667.72313
15.29611,648.7015
15.28484,627.48779
15.27358,605.6378
15.26234,582.12151
15.25112,558.57411
15.23992,539.0047
15.22873,521.57139
15.21755,505.89163
15.2064,493.36851
15.19525,481.65962
15.18413,471.67568
15.17302,459.60983
15.16193,443.84865
15.15086,429.19736
15.1398,417.34448
15.12876,404.28179
15.11773,391.25175
15.10672,381.00003
15.09572,371.24527
15.08474,363.22699
15.07378,360.18193
15.06284,359.54132
15.05191,358.16249
15.04099,355.2814
15.03009,349.15804
15.01921,342.5854
15.00834,337.24514
14.99749,330.63911
14.98665,313.18188
14.97583,291.62153
14.96503,298.72384
14.95424,309.37724
14.94346,312.57505
14.9327,314.84025
14.92196,317.28094
14.91123,318.28767
14.90052,321.05967
14.88982,323.6035
14.87914,324.48985
14.86848,323.78872
14.85783,322.55356
14.84719,326.44556
14.83657,331.8137
14.82596,339.26696
14.81537,353.89736
14.8048,371.80799
14.79424,387.85549
14.78369,405.3156
14.77317,422.01244
14.76265,438.12621
14.75215,452.79556
14.74167,465.21904
14.7312,475.14725
14.72074,483.57494
14.7103,489.74301
14.69987,493.54329
14.68946,495.73071
14.67907,497.45781
14.66869,495.62662
14.65832,492.10741
14.64797,488.55172
14.63763,480.50247
14.62731,468.10516
14.617,457.23072
14.60671,447.45023
14.59643,436.77067
14.58616,427.51255
14.57591,423.62622
14.56568,422.3171
14.55546,422.84332
14.54525,425.24316
14.53505,428.22077
14.52488,432.51788
14.51471,434.64709
14.50456,430.71129
14.49443,426.5143
14.4843,422.5725
14.4742,417.71429
14.4641,410.89824
14.45402,403.75446
14.44396,400.17944
14.43391,398.57138
14.42387,396.77789
14.41385,394.27099
14.40384,390.09004
14.39384,384.29277
14.38386,374.73779
14.37389,360.55708
14.36394,342.99489
14.354,325.61224
14.34407,308.12568
14.33416,292.13636
14.32426,277.67914
14.31437,266.9518
14.3045,259.77915
14.29464,252.68669
14.2848,245.856
14.27497,239.41663
14.26515,233.25601
14.25534,225.99741
14.24555,215.8576
14.23578,205.90104
14.22601,197.92036
14.21626,192.25452
14.20652,188.61788
14.1968,187.74573
14.18709,188.96824
14.17739,191.90558
14.16771,196.2332
14.15804,199.57212
14.14838,198.83703
14.13873,197.58624
14.1291,193.67645
14.11949,188.26428
14.10988,185.15574
14.10029,184.56214
14.09071,186.39684
14.08114,190.62769
14.07159,195.03546
14.06205,203.14707
14.05252,213.57139
14.04301,220.23849
14.03351,225.75044
14.02402,230.05759
14.01454,232.00351
14.00508,233.37275
13.99563,235.69596
13.98619,240.26862
13.97677,248.33611
13.96736,260.56863
13.95796,276.47674
13.94857,293.26158
13.9392,311.44072
13.92983,329.54373
13.92049,346.76057
13.91115,364.01273
13.90183,380.3582
13.89251,395.56557
13.88322,410.83893
13.87393,426.67959
13.86465,444.09122
13.85539,462.67887
13.84614,479.3641
13.83691,493.22027
13.82768,505.51526
13.81847,514.99618
13.80927,517.01004
13.80008,511.618
13.79091,500.66437
13.78174,486.53305
13.77259,471.00441
13.76345,456.42177
13.75433,444.42337
13.74521,436.43901
13.73611,430.60816
13.72702,427.04743
13.71794,430.26526
13.70887,436.65776
13.69982,444.34747
13.69078,451.04728
13.68175,459.2936
13.67273,468.20359
13.66372,477.72909
13.65472,489.015
13.64574,501.80663
13.63677,516.60357
13.62781,532.41829
13.61886,547.23273
13.60993,558.18398
13.601,563.90848
13.59209,561.24291
13.58319,551.93867
13.5743,536.98724
13.56542,515.29561
13.55655,489.27897
13.5477,462.78041
13.53885,436.57301
13.53002,414.1339
13.5212,394.91343
13.51239,378.35914
13.5036,365.00051
13.49481,354.93385
13.48604,346.26752
13.47727,335.10958
13.46852,321.6656
13.45978,309.21344
13.45105,296.37283
13.44234,283.05506
13.43363,270.79342
13.42493,261.64921
13.41625,256.34056
13.40758,252.3685
13.39892,249.78959
13.39027,248.19119
13.38163,246.76202
13.373,245.60149
13.36439,242.17787
13.35578,236.21049
13.34718,228.80717
13.3386,221.58278
13.33003,216.17374
13.32147,214.60279
13.31292,215.14446
13.30438,217.60739
13.29585,221.83124
13.28733,225.72083
13.27882,228.99298
13.27033,230.78256
13.26184,231.21336
13.25337,229.7006
13.24491,226.34726
13.23645,222.56191
13.22801,220.24296
13.21958,220.25651
13.21116,221.32714
13.20275,225.1113
13.19435,231.37198
13.18597,236.90698
13.17759,241.41229
13.16922,247.03338
13.16087,250.00558
13.15252,248.8582
13.14419,247.15378
13.13586,245.50066
13.12755,245.17926
13.11924,247.44295
13.11095,250.85136
13.10267,256.26999
13.0944,264.04451
13.08614,271.83894
13.07788,279.71132
13.06964,286.89113
13.06141,291.32381
13.05319,293.28617
13.04498,294.25049
13.03678,294.56632
13.0286,296.59784
13.02042,301.03399
13.01225,307.31283
13.00409,315.32047
12.99594,324.03375
12.9878,335.03328
12.97968,347.48806
12.97156,357.20335
12.96345,364.94359
12.95536,371.39174
12.94727,376.52224
12.93919,382.51243
12.93113,388.63489
12.92307,396.13716
12.91502,406.55435
12.90698,417.63184
12.89896,429.65709
12.89094,442.81006
12.88294,455.5433
12.87494,466.25094
12.86695,473.78376
12.85897,478.22686
12.85101,478.8202
12.84305,478.2904
12.8351,476.06382
12.82716,473.45426
12.81924,471.62767
12.81132,471.08963
12.80341,471.25281
12.79551,471.5822
12.78762,471.92129
12.77974,470.12885
12.77187,467.19118
12.76402,463.22168
12.75616,457.09661
12.74832,450.31472
12.74049,445.91699
12.73267,444.0354
12.72486,442.36136
12.71706,444.65628
12.70927,450.06277
12.70149,454.84129
12.69371,460.5545
12.68595,467.61752
12.67819,472.91443
12.67045,476.33857
12.66271,477.58632
12.65499,479.31865
12.64727,482.60374
12.63956,486.93494
12.63187,493.87929
12.62418,503.28641
12.6165,512.6237
12.60883,524.03027
12.60117,536.61439
12.59352,549.21673
12.58588,560.16815
12.57824,567.86127
12.57062,572.97665
12.56301,576.11087
12.5554,579.01384
12.54781,582.30157
12.54022,585.6875
12.53264,589.75274
12.52508,593.74243
12.51752,596.92173
12.50997,599.9106
12.50243,601.02787
12.49489,598.10554
12.48737,592.63735
12.47986,586.4245
12.47235,578.78649
12.46486,569.41767
12.45737,560.06298
12.44989,553.43902
12.44243,547.97984
12.43497,544.1663
12.42752,541.31063
12.42008,538.34282
12.41264,535.47669
12.40522,531.57183
12.3978,525.7392
12.3904,517.36386
12.383,510.51943
12.37561,504.47825
12.36823,498.83992
12.36086,496.1954
12.3535,496.48584
12.34615,498.96031
12.3388,503.45302
12.33146,508.84582
12.32414,512.71558
12.31682,515.4931
12.30951,519.50406
12.30221,520.5765
12.29492,520.58376
12.28763,523.05272
12.28036,525.7206
12.27309,528.23643
12.26583,533.86124
12.25858,543.21466
12.25134,554.06822
12.24411,564.7737
12.23689,574.93387
12.22967,585.06298
12.22247,594.60615
12.21527,600.55958
12.20808,605.6018
12.2009,611.51251
12.19372,618.20975
12.18656,626.83404
12.1794,639.6028
12.17226,653.99042
12.16512,669.12382
12.15799,685.673
12.15086,701.43658
12.14375,716.76532
12.13664,731.92517
12.12955,745.0078
12.12246,756.73166
12.11538,769.08692
12.1083,782.95746
12.10124,797.09561
12.09418,814.4742
12.08714,834.13759
12.0801,855.29273
12.07306,878.33067
12.06604,901.89094
12.05903,922.98844
12.05202,943.25
12.04502,965.99517
12.03803,986.26309
12.03105,1004.95898
12.02407,1026.20805
12.0171,1048.75861
12.01015,1073.46034
12.0032,1101.41716
11.99625,1132.52459
11.98932,1164.11118
11.98239,1194.42391
11.97548,1225.63941
11.96857,1257.36572
11.96166,1287.04405
11.95477,1315.9664
11.94788,1344.10327
11.941,1371.19517
11.93413,1399.80981
11.92727,1431.37159
11.92042,1463.52089
11.91357,1498.48232
11.90673,1535.13071
11.8999,1570.06619
11.89308,1605.50555
11.88626,1640.40198
11.87945,1674.11611
11.87265,1707.01366
11.86586,1740.7824
11.85908,1775.90503
11.8523,1813.49125
11.84553,1854.21503
11.83877,1896.23591
11.83202,1940.31149
11.82527,1984.8391
11.81853,2028.9419
11.8118,2072.62739
11.80508,2114.42706
11.79836,2153.78104
11.79166,2191.77961
11.78496,2226.78145
11.77826,2261.31134
11.77158,2294.45671
11.7649,2327.48336
11.75823,2361.74946
11.75157,2397.19045
11.74492,2433.37056
11.73827,2468.49552
11.73163,2501.03061
11.725,2533.8135
11.71838,2563.5812
11.71176,2590.05629
11.70515,2612.08349
11.69855,2631.84398
11.69195,2651.76034
11.68537,2672.31693
11.67879,2692.2175
11.67221,2711.60633
11.66565,2728.93481
11.65909,2743.85283
11.65254,2756.88959
11.646,2766.66158
11.63946,2771.71872
11.63294,2772.75591
11.62641,2770.7498
11.6199,2764.51002
11.6134,2756.68899
11.6069,2748.01702
11.6004,2737.32267
11.59392,2726.79434
11.58744,2716.06059
11.58097,2703.45545
11.57451,2687.38952
11.56806,2669.23648
11.56161,2647.92437
11.55517,2624.17278
11.54873,2599.18428
11.54231,2569.87408
11.53589,2537.14163
11.52947,2507.75523
11.52307,2480.24242
11.51667,2455.26278
11.51028,2430.87496
11.50389,2407.25189
11.49752,2384.07158
11.49115,2361.59535
11.48479,2338.42742
11.47843,2316.11897
11.47208,2295.8979
11.46574,2277.78139
11.45941,2260.18141
11.45308,2246.86139
11.44676,2239.10107
11.44044,2238.13227
11.43414,2240.29952
11.42784,2245.5808
11.42154,2255.30488
11.41526,2267.55811
11.40898,2281.898
11.40271,2298.16617
11.39644,2315.83157
11.39018,2335.17845
11.38393,2356.26264
11.37769,2380.1809
11.37145,2406.2023
11.36522,2435.83529
11.35899,2468.55977
11.35278,2503.0291
11.34657,2540.15496
11.34036,2577.48602
11.33417,2611.10405
11.32798,2644.75419
11.32179,2677.62627
11.31562,2709.87026
11.30945,2743.11859
11.30328,2775.79851
11.29713,2808.59924
11.29098,2840.81576
11.28483,2874.73461
11.2787,2913.84344
11.27257,2951.09177
11.26645,2986.18765
11.26033,3019.43595
11.25422,3050.76478
11.24812,3079.27508
11.24202,3106.52716
11.23593,3131.65934
11.22985,3155.61909
11.22377,3176.42442
11.2177,3199.29858
11.21163,3221.63752
11.20558,3241.32088
11.19953,3258.42325
11.19348,3274.66146
11.18745,3286.88129
11.18141,3294.71569
11.17539,3299.34446
11.16937,3299.43877
11.16336,3294.684
11.15736,3287.59251
11.15136,3278.53494
11.14537,3268.24472
11.13938,3252.56947
11.1334,3237.11751
11.12743,3220.68695
11.12146,3198.12391
11.1155,3171.83274
11.10955,3144.29423
11.1036,3114.01023
11.09766,3080.96512
11.09172,3043.98461
11.0858,3009.20116
11.07987,2973.12122
11.07396,2935.92991
11.06805,2901.67294
11.06215,2869.33579
11.05625,2838.8608
11.05036,2810.25883
11.04447,2784.74721
11.0386,2760.28722
11.03273,2735.67124
11.02686,2713.19746
11.021,2692.8891
11.01515,2676.10688
11.0093,2660.19439
11.00346,2649.5397
10.99763,2643.08035
10.9918,2640.72482
10.98598,2642.42375
10.98016,2649.93153
10.97435,2660.56863
10.96855,2673.44387
10.96275,2689.98358
10.95696,2709.94578
10.95118,2731.88147
10.9454,2755.91707
10.93962,2780.93593
10.93386,2806.88261
10.92809,2833.96521
10.92234,2863.71019
10.91659,2893.14146
10.91085,2921.32535
10.90511,2946.89143
10.89938,2971.27447
10.89366,2992.55472
10.88794,3011.84801
10.88223,3028.98818
10.87652,3043.5739
10.87082,3056.89883
10.86513,3072.78794
10.85944,3090.37237
10.85375,3108.40548
10.84808,3128.37433
10.84241,3150.59517
10.83674,3174.29502
10.83108,3199.9477
10.82543,3221.65808
10.81978,3242.18252
10.81414,3265.78912
10.80851,3289.10764
10.80288,3310.65289
10.79725,3332.13188
10.79164,3354.05998
10.78602,3378.12082
10.78042,3403.36867
10.77482,3429.16252
10.76922,3457.35141
10.76363,3487.58493
10.75805,3515.57025
10.75248,3545.00743
10.7469,3573.40488
10.74134,3599.43457
10.73578,3624.09211
10.73023,3648.39005
10.72468,3672.14104
10.71913,3696.67085
10.7136,3720.97708
10.70807,3744.71784
10.70254,3768.55493
10.69702,3793.10686
10.69151,3815.39058
10.686,3834.57927
10.6805,3850.7802
10.675,3865.12511
10.66951,3876.4873
10.66402,3886.58461
10.65854,3895.80211
10.65307,3905.68422
10.6476,3913.68877
10.64214,3923.42423
10.63668,3933.60279
10.63123,3942.45185
10.62578,3950.34011
10.62034,3956.02409
10.61491,3959.46122
10.60948,3963.99957
10.60405,3966.59201
10.59863,3966.34591
10.59322,3963.30518
10.58781,3958.63942
10.58241,3955.37655
10.57701,3952.01708
10.57162,3946.54189
10.56624,3939.2785
10.56086,3933.1161
10.55548,3931.14745
10.55011,3925.75008
10.54475,3917.52151
10.53939,3907.3517
10.53404,3895.68863
10.52869,3884.47121
10.52335,3877.62786
10.51801,3870.99159
10.51268,3865.45882
10.50736,3861.66809
10.50204,3859.49375
10.49672,3857.56194
10.49141,3858.38084
10.48611,3857.0203
10.48081,3852.37895
10.47552,3847.78303
10.47023,3844.32535
10.46495,3837.42067
10.45967,3826.77926
10.4544,3811.73541
10.44913,3795.70279
10.44387,3775.71791
10.43861,3753.59106
10.43336,3729.79709
10.42812,3706.49032
10.42288,3682.94099
10.41764,3659.90717
10.41241,3638.15242
10.40719,3618.25613
10.40197,3599.65404
10.39675,3581.47773
10.39155,3563.6035
10.38634,3550.40766
10.38114,3540.53704
10.37595,3531.5264
10.37076,3521.63161
10.36558,3513.55104
10.3604,3505.75657
10.35523,3497.917
10.35006,3487.94056
10.3449,3477.17636
10.33974,3464.06468
10.33459,3449.96063
10.32944,3436.66702
10.3243,3425.43245
10.31917,3413.3499
10.31403,3399.31348
10.30891,3384.79261
10.30379,3370.12918
10.29867,3354.05622
10.29356,3336.09958
10.28845,3315.82801
10.28335,3295.70971
10.27826,3273.08349
10.27317,3248.81855
10.26808,3221.2015
10.263,3193.54627
10.25793,3166.46341
10.25285,3139.12885
10.24779,3111.70012
10.24273,3085.64611
10.23767,3058.90787
10.23262,3030.30933
10.22758,3001.33153
10.22254,2973.19364
10.2175,2942.2248
10.21247,2909.58166
10.20744,2878.14654
10.20242,2847.29333
10.19741,2816.10415
10.19239,2786.31573
10.18739,2758.83008
10.18239,2734.99021
10.17739,2711.5326
10.1724,2689.09631
10.16741,2668.15376
10.16243,2648.2141
10.15746,2629.71285
10.15248,2612.5032
10.14752,2596.50873
10.14255,2584.17599
10.1376,2573.61206
10.13265,2563.24271
10.1277,2553.03596
10.12275,2545.40199
10.11782,2537.07674
10.11288,2528.45376
10.10795,2518.58059
10.10303,2505.58297
10.09811,2489.97367
10.0932,2475.54274
10.08829,2460.00643
10.08339,2443.73137
10.07849,2427.06079
10.07359,2411.05906
10.0687,2397.22516
10.06382,2386.03308
10.05894,2375.07861
10.05406,2365.82965
10.04919,2357.57006
10.04432,2351.94669
10.03946,2347.96267
10.0346,2345.50275
10.02975,2344.50619
10.0249,2344.67023
10.02006,2347.5709
10.01522,2355.78292
10.01039,2366.66495
10.00556,2379.4337
10.00074,2395.87449
9.99591,2415.58313
9.9911,2435.91038
9.98629,2458.542
9.98148,2482.38793
9.97668,2507.79552
9.97189,2534.28239
9.9671,2561.00853
9.9623,2588.63866
9.95752,2619.31742
9.95274,2648.45671
9.94797,2676.25893
9.9432,2703.60208
9.93844,2726.83327
9.93368,2748.42703
9.92893,2769.5284
9.92417,2786.1
9.91942,2798.61965
9.91468,2805.8851
9.90995,2812.03546
9.90522,2815.9247
9.90049,2814.63519
9.89577,2809.95736
9.89105,2805.40882
9.88634,2798.3812
9.88162,2786.27402
9.87691,2771.77491
9.87221,2755.13601
9.86752,2736.63897
9.86283,2715.11215
9.85814,2692.52381
9.85346,2671.62982
9.84878,2648.58162
9.8441,2625.3194
9.83943,2601.40983
9.83477,2578.90261
9.83011,2557.46112
9.82545,2535.27698
9.8208,2511.27777
9.81615,2487.60382
9.81151,2463.28313
9.80686,2437.08945
9.80223,2410.00863
9.7976,2381.9673
9.79298,2353.25777
9.78836,2325.1612
9.78374,2296.60932
9.77913,2268.58356
9.77452,2242.7833
9.76991,2217.30222
9.76531,2191.48477
9.76072,2167.38314
9.75613,2144.80248
9.75154,2123.88033
9.74696,2104.11444
9.74238,2085.20086
9.73781,2067.92871
9.73323,2052.68617
9.72867,2040.41749
9.72411,2030.63674
9.71955,2021.79646
9.715,2014.78331
9.71045,2008.97413
9.70591,2003.14913
9.70137,1997.97935
9.69683,1991.70598
9.6923,1985.15838
9.68777,1979.67072
9.68325,1974.77094
9.67873,1970.94233
9.67422,1967.71459
9.66971,1964.90637
9.6652,1964.64237
9.6607,1966.09649
9.6562,1967.34339
9.65171,1969.74586
9.64722,1973.9825
9.64274,1979.9572
9.63826,1986.63136
9.63378,1993.53016
9.62931,2002.80652
9.62483,2014.55058
9.62037,2028.05059
9.61591,2043.77767
9.61146,2060.7702
9.60701,2081.31573
9.60256,2104.71701
9.59812,2128.34815
9.59367,2152.46757
9.58924,2180.46203
9.58481,2210.57705
9.58038,2242.89235
9.57596,2276.74424
9.57154,2314.52393
9.56713,2355.35808
9.56272,2398.30461
9.55831,2443.87667
9.5539,2490.97654
9.5495,2540.2956
9.54511,2593.0863
9.54072,2645.7188
9.53633,2697.32669
9.53195,2750.17169
9.52758,2803.98394
9.52319,2857.81173
9.51882,2911.39231
9.51446,2963.82082
9.5101,3016.55324
9.50574,3069.68088
9.50139,3122.09878
9.49704,3173.49769
9.49269,3225.34526
9.48835,3274.96093
9.484,3323.51634
9.47967,3369.81074
9.47534,3416.6528
9.47102,3464.50921
9.46669,3507.844
9.46238,3548.70188
9.45806,3592.68734
9.45375,3636.10409
9.44944,3678.48007
9.44514,3718.67737
9.44084,3756.86462
9.43654,3791.00847
9.43225,3824.44433
9.42797,3855.55039
9.42369,3882.6885
9.41941,3907.29153
9.41512,3932.89586
9.41085,3954.70326
9.40659,3974.44569
9.40232,3993.51961
9.39806,4013.18381
9.39381,4027.75273
9.38956,4040.5271
9.38531,4051.7304
9.38106,4062.21441
9.37682,4070.80902
9.37258,4078.86922
9.36835,4082.38222
9.36412,4085.04663
9.3599,4087.80042
9.35567,4089.30386
9.35146,4089.44266
9.34724,4093.25515
9.34303,4097.08058
9.33882,4099.84814
9.33462,4100.98933
9.33042,4101.70454
9.32623,4100.55806
9.32204,4104.49562
9.31785,4107.29651
9.31366,4109.99794
9.30948,4114.50624
9.3053,4118.98712
9.30113,4118.83109
9.29696,4119.5856
9.2928,4121.29092
9.28864,4123.42097
9.28448,4122.55996
9.28032,4119.27099
9.27617,4113.15601
9.27203,4107.51237
9.26788,4100.45912
9.26375,4094.02228
9.25961,4085.43208
9.25548,4075.9428
9.25135,4067.11097
9.24722,4060.11883
9.2431,4050.49906
9.23898,4040.4103
9.23487,4029.83016
9.23076,4018.47503
9.22666,4005.72869
9.22256,3991.91894
9.21846,3976.79
9.21436,3961.26854
9.21027,3944.1514
9.20618,3926.57224
9.2021,3908.58896
9.19802,3889.84609
9.19394,3870.66118
9.18987,3852.62661
9.1858,3831.66781
9.18172,3807.73028
9.17766,3782.26715
9.1736,3756.2579
9.16955,3728.90062
9.1655,3700.29652
9.16145,3669.47065
9.15741,3639.41251
9.15337,3608.23781
9.14932,3575.69534
9.14529,3541.15584
9.14126,3505.98185
9.13723,3470.57365
9.13321,3433.02703
9.12919,3393.79859
9.12518,3356.48259
9.12117,3317.59467
9.11716,3277.98404
9.11315,3237.18761
9.10914,3197.13524
9.10515,3157.18799
9.10115,3116.06086
9.09716,3074.62729
9.09317,3033.32647
9.08919,2992.01013
9.0852,2951.35605
9.08123,2909.74968
9.07725,2869.6797
9.07328,2830.27573
9.06932,2789.81507
9.06535,2749.36951
9.06139,2710.68453
9.05744,2672.60171
9.05349,2635.07254
9.04953,2597.54459
9.04558,2560.89255
9.04164,2524.14743
9.0377,2489.43356
9.03377,2455.13226
9.02983,2421.18458
9.02591,2387.18301
9.02197,2354.04532
9.01805,2321.81735
9.01413,2291.16674
9.01022,2262.08823
9.00631,2233.59652
9.0024,2205.72924
8.99849,2179.24235
8.99459,2153.85274
8.9907,2129.00331
8.98679,2104.99151
8.9829,2083.42195
8.97901,2063.00536
8.97513,2043.45098
8.97125,2024.89265
8.96737,2008.35446
8.9635,1992.86039
8.95962,1977.68551
8.95575,1964.6115
8.95189,1954.549
8.94803,1946.27014
8.94417,1939.16649
8.94031,1931.84002
8.93646,1925.68887
8.93262,1918.97142
8.92876,1912.20902
8.92492,1904.28073
8.92108,1895.71439
8.91725,1886.37957
8.91342,1875.74692
8.90959,1862.75125
8.90577,1847.97112
8.90195,1832.70192
8.89812,1816.46924
8.8943,1798.75965
8.89049,1780.99099
8.88668,1763.91302
8.88288,1747.27002
8.87908,1729.08393
8.87528,1710.41172
8.87149,1691.144
8.86769,1670.82047
8.8639,1650.33812
8.86011,1631.886
8.85633,1613.31937
8.85255,1595.02914
8.84877,1577.85839
8.845,1560.6588
8.84123,1544.60503
8.83746,1530.55453
8.8337,1516.80855
8.82994,1504.13875
8.82618,1492.26215
8.82243,1480.48994
8.81868,1469.18834
8.81493,1458.92717
8.81119,1448.90912
8.80744,1438.49985
8.8037,1428.76965
8.79997,1419.38845
8.79624,1409.51405
8.79251,1399.83971
8.78878,1391.50346
8.78506,1382.86939
8.78134,1373.08767
8.77763,1364.16983
8.77391,1355.3473
8.7702,1347.83107
8.76649,1341.49355
8.76279,1335.83385
8.75909,1331.48759
8.75539,1329.53694
8.7517,1329.49687
8.748,1330.53902
8.74432,1332.69975
8.74063,1336.04125
8.73695,1340.84504
8.73327,1346.35836
8.7296,1351.69791
8.72593,1356.61642
8.72226,1360.05753
8.71859,1362.50446
8.71492,1362.03453
8.71126,1357.83149
8.70761,1350.63439
8.70395,1340.933
8.7003,1329.19606
8.69666,1316.36419
8.69301,1301.50567
8.68937,1285.90814
8.68573,1270.53603
8.68209,1253.73026
8.67846,1237.43734
8.67483,1223.02435
8.67121,1208.829
8.66758,1194.61472
8.66396,1182.075
8.66035,1170.67878
8.65673,1159.63049
8.65312,1149.00027
8.64951,1138.11404
8.6459,1127.39929
8.6423,1117.18214
8.6387,1107.94093
8.63511,1098.31197
8.63151,1091.39847
8.62792,1086.10244
8.62433,1081.26314
8.62075,1078.40272
8.61717,1077.37221
8.61359,1077.09668
8.61002,1076.4245
8.60644,1075.06872
8.60288,1072.98068
8.5993,1070.79678
8.59574,1067.95673
8.59218,1063.76673
8.58862,1060.23445
8.58507,1056.74539
8.58152,1054.01921
8.57797,1051.93939
8.57442,1050.01115
8.57088,1047.6106
8.56734,1045.10521
8.5638,1041.72555
8.56027,1038.16736
8.55674,1035.08552
8.55321,1030.90834
8.54968,1026.18071
8.54616,1021.9639
8.54264,1018.37329
8.53912,1014.92151
8.53561,1011.71913
8.5321,1008.95809
8.52859,1005.76173
8.52508,1003.17376
8.52158,1001.08505
8.51808,997.72658
8.51458,993.33676
8.51109,988.8296
8.5076,983.75306
8.50411,979.69003
8.50063,975.75661
8.49714,971.9419
8.49367,968.59373
8.49019,965.4708
8.48671,962.34621
8.48324,959.0164
8.47977,955.30705
8.47631,951.91903
8.47285,947.39215
8.46939,942.45062
8.46593,937.02706
8.46247,932.17885
8.45902,928.05134
8.45557,923.77014
8.45213,919.294
8.44869,915.36833
8.44525,911.52121
8.44181,907.66733
8.43838,903.74464
8.43495,899.84152
8.43151,895.29829
8.42809,889.66095
8.42466,884.16811
8.42124,879.86617
8.41783,875.31603
8.41441,870.35232
8.411,865.29293
8.40759,860.94789
8.40418,857.083
8.40078,852.43327
8.39738,847.29144
8.39398,843.30365
8.39059,839.45199
8.38719,834.51744
8.3838,828.67175
8.38042,823.94773
8.37703,818.92271
8.37365,813.89962
8.37027,809.09925
8.36689,805.06565
8.36352,801.01575
8.36015,796.72681
8.35678,793.0303
8.35342,789.60634
8.35005,785.56354
8.34669,780.92059
8.34333,775.92925
8.33998,771.41488
8.33663,766.25687
8.33328,761.46922
8.32993,757.54634
8.32659,753.86505
8.32324,749.84833
8.3199,745.68553
8.31657,742.06855
8.31324,738.39113
8.30991,735.28874
8.30658,732.28979
8.30325,728.18568
8.29993,722.89495
8.29661,717.75471
8.29329,713.45187
8.28998,709.17193
8.28667,705.0245
8.28336,701.39131
8.28005,697.7391
8.27675,694.96928
8.27345,691.81772
8.27014,687.85512
8.26685,684.35092
8.26355,680.8325
8.26026,677.15213
8.25698,672.82348
8.25369,667.97513
8.25041,663.82869
8.24713,660.17523
8.24385,656.85877
8.24057,654.20258
8.2373,651.66283
8.23403,649.53026
8.23076,646.73785
8.2275,643.2904
8.22424,639.51013
8.22097,635.3791
8.21772,630.5125
8.21446,626.4927
8.21121,623.19742
8.20796,620.08234
8.20472,617.13243
8.20147,614.81805
8.19823,612.33909
8.19499,610.15726
8.19175,608.13952
8.18852,605.50631
8.18529,602.13545
8.18206,598.45871
8.17884,594.85677
8.17561,590.87568
8.17239,587.18554
8.16917,584.38985
8.16595,582.02405
8.16274,580.24267
8.15953,578.38001
8.15632,576.45387
8.15312,574.60787
8.14991,572.83179
8.14671,570.12632
8.14351,566.38461
8.14031,562.44582
8.13712,559.34866
8.13393,557.07299
8.13074,554.92795
8.12756,553.35878
8.12437,551.55555
8.12119,549.37842
8.11802,547.90205
8.11483,546.59276
8.11166,545.12739
8.10849,543.04863
8.10532,540.3753
8.10216,536.83914
8.099,533.73521
8.09584,531.43472
8.09268,529.81363
8.08952,527.79651
8.08636,525.9213
8.08321,525.4221
8.08006,524.96972
8.07692,523.8008
8.07377,521.45902
8.07063,519.09204
8.0675,516.95524
8.06435,514.09794
8.06122,511.3436
8.05809,508.51917
8.05496,506.01763
8.05183,504.63017
8.04871,503.44228
8.04559,502.69478
8.04247,501.66368
8.03935,499.7367
8.03623,497.45637
8.03312,495.65124
8.03001,493.73246
8.02691,491.08137
8.0238,488.35463
8.0207,486.26219
8.0176,484.3731
8.0145,482.67279
8.0114,481.11843
8.00831,479.40526
8.00522,477.45372
8.00213,475.75593
7.99905,474.19721
7.99596,471.80815
7.99288,469.18805
7.9898,466.31609
7.98672,463.69019
7.98365,460.99256
7.98058,457.91223
7.97751,454.31594
7.97444,451.43172
7.97138,448.47917
7.96832,444.64169
7.96525,440.83419
7.9622,437.33729
7.95914,432.97022
7.95609,428.63683
7.95304,424.22288
7.94999,419.60961
7.94695,416.03908
7.9439,412.39603
7.94086,408.55652
7.93782,405.62716
7.93478,402.93062
7.93175,400.97049
7.92872,399.29935
7.92569,398.18974
7.92266,398.02006
7.91964,398.74433
7.91661,399.93591
7.91359,401.46517
7.91057,403.84698
7.90756,406.05331
7.90454,408.09331
7.90153,410.26818
7.89853,412.60228
7.89552,414.71587
7.89251,416.46085
7.88951,418.23322
7.88651,419.69258
7.88351,421.19286
7.88052,422.15427
7.87753,422.60532
7.87454,422.88703
7.87155,422.92934
7.86856,422.98768
7.86557,423.11276
7.86259,422.75931
7.85961,421.74528
7.85664,420.60822
7.85366,419.98408
7.85069,419.76763
7.84772,419.70967
7.84475,419.28257
7.84178,418.67925
7.83882,417.39664
7.83586,415.70023
7.8329,414.12258
7.82995,412.60398
7.82699,410.8109
7.82404,409.82047
7.82109,409.2114
7.81814,408.03978
7.81519,406.74421
7.81225,405.80568
7.80931,405.18687
7.80637,404.24441
7.80343,403.0211
7.8005,401.64094
7.79756,400.21121
7.79463,398.60159
7.79171,396.9857
7.78878,395.82409
7.78586,395.02996
7.78294,394.25145
7.78002,393.36763
7.7771,391.99494
7.77419,391.43438
7.77127,391.00105
7.76836,389.73098
7.76545,387.85534
7.76255,386.26639
7.75964,385.17418
7.75674,383.84297
7.75384,382.3511
7.75094,381.77205
7.74805,381.44337
7.74515,381.1648
7.74226,380.49537
7.73937,380.06994
7.73649,379.59776
7.73361,378.30177
7.73072,377.48671
7.72784,376.66594
7.72496,375.09957
7.72209,373.60131
7.71921,373.02187
7.71634,372.85303
7.71347,372.34381
7.71061,372.11915
7.70774,371.52524
7.70487,370.81843
7.70201,370.53228
7.69915,369.97013
7.6963,368.97409
7.69344,368.39247
7.69059,367.69685
7.68774,367.00583
7.68489,366.08916
7.68204,365.05211
7.6792,364.54667
7.67636,364.475
7.67352,363.62462
7.67068,362.58199
7.66785,362.29126
7.66501,362.1795
7.66218,361.46225
7.65935,360.64095
7.65652,360.4811
7.6537,360.06389
7.65088,359.19169
7.64805,358.38233
7.64524,357.2642
7.64242,356.70213
7.63961,356.75357
7.63679,356.28536
7.63398,355.48978
7.63117,354.68276
7.62836,354.59012
7.62556,355.01755
7.62276,354.68033
7.61996,353.69881
7.61716,352.49252
7.61437,351.79636
7.61157,351.13793
7.60878,350.48664
7.60599,350.08734
7.6032,349.6539
7.60041,349.20873
7.59763,349.30208
7.59485,349.39771
7.59206,348.62295
7.58929,348.10354
7.58651,348.14664
7.58374,347.97151
7.58097,347.35954
7.5782,346.66397
7.57543,345.85631
7.57267,345.30889
7.5699,345.35361
7.56714,344.96082
7.56438,343.95027
7.56162,343.19038
7.55886,343.35931
7.55611,343.68104
7.55336,342.52322
7.55061,341.1704
7.54786,340.25779
7.54511,339.41363
7.54237,338.18911
7.53963,336.33012
7.53689,335.38607
7.53415,335.4967
7.53142,335.15323
7.52869,334.26796
7.52596,333.12371
7.52322,332.53952
7.52049,332.07406
7.51777,331.28435
7.51505,329.49027
7.51232,327.31772
7.5096,326.14631
7.50689,325.3915
7.50417,324.85054
7.50145,324.82505
7.49874,324.2166
7.49603,323.46669
7.49333,323.11548
7.49062,322.97945
7.48792,322.20098
7.48521,321.4434
7.48252,320.89006
7.47981,319.72164
7.47712,318.8614
7.47442,317.90575
7.47173,316.82727
7.46904,316.17358
7.46635,315.98127
7.46367,315.50243
7.46098,315.06071
7.4583,315.04592
7.45561,315.03696
7.45294,314.46211
7.45026,313.44176
7.44759,312.69175
7.44491,311.88168
7.44224,310.62283
7.43957,309.40869
7.4369,308.99525
7.43424,309.36725
7.43157,309.38678
7.42891,308.62644
7.42625,308.74326
7.4236,308.60036
7.42094,307.96404
7.41828,307.41723
7.41563,306.77971
7.41298,305.57938
7.41033,304.63564
7.40769,304.5059
7.40504,304.31548
7.4024,303.90269
7.39976,303.80036
7.39712,304.01232
7.39448,303.85688
7.39185,303.47168
7.38921,303.22705
7.38658,302.64226
7.38395,301.72706
7.38133,300.82866
7.3787,299.71122
7.37608,299.34874
7.37345,299.06782
7.37083,298.86457
7.36821,299.15616
7.3656,299.37814
7.36298,299.73082
7.36037,299.90295
7.35776,299.58202
7.35515,299.41407
7.35254,298.88432
7.34994,297.52388
7.34733,296.1643
7.34473,295.40804
7.34213,295.40003
7.33954,295.34325
7.33694,295.26363
7.33435,295.78925
7.33175,296.41065
7.32916,296.67601
7.32657,296.52857
7.32398,296.01525
7.3214,295.46675
7.31882,295.11953
7.31624,294.28072
7.31366,293.94699
7.31107,294.43589
7.3085,295.02435
7.30593,295.88327
7.30335,297.14806
7.30078,298.37144
7.29822,299.34488
7.29565,300.37572
7.29308,300.83267
7.29052,300.4283
7.28796,299.96027
7.2854,299.97245
7.28284,299.74745
7.28028,299.59806
7.27773,300.05562
7.27518,300.71486
7.27263,301.94896
7.27007,302.76076
7.26753,303.25367
7.26498,304.1575
7.26244,304.68816
7.2599,304.77803
7.25736,304.76255
7.25482,304.25374
7.25228,303.36148
7.24974,303.44357
7.24721,304.84588
7.24468,306.8141
7.24215,308.21238
7.23963,310.21234
7.2371,313.20651
7.23458,316.15371
7.23205,319.10299
7.22953,321.82418
7.22701,323.74721
7.22449,324.49255
7.22198,322.73152
7.21947,319.52174
7.21695,316.02236
7.21445,312.87129
7.21194,310.11915
7.20943,307.62114
7.20692,306.45185
7.20442,305.49023
7.20192,304.5065
7.19942,303.77612
7.19692,302.56882
7.19443,301.32537
7.19193,300.1232
7.18943,299.83567
7.18694,299.80017
7.18446,300.11058
7.18197,300.8768
7.17948,301.90794
7.177,302.74663
7.17452,303.54425
7.17204,303.71945
7.16955,304.08535
7.16708,304.29049
7.1646,303.57281
7.16213,303.02185
7.15966,302.9701
7.15719,303.48223
7.15472,303.71707
7.15225,304.39328
7.14978,305.06789
7.14732,305.4746
7.14486,306.16005
7.1424,306.80874
7.13994,306.71315
7.13748,306.03887
7.13503,305.57879
7.13258,304.24214
7.13012,302.74381
7.12767,302.21205
7.12522,301.74014
7.12278,301.06668
7.12033,300.58621
7.11789,300.13286
7.11545,300.29833
7.11301,300.16999
7.11057,299.54965
7.10813,298.41092
7.10569,297.03204
7.10326,296.02222
7.10083,294.52497
7.0984,293.01448
7.09597,291.8408
7.09355,290.94663
7.09112,290.65387
7.08869,290.16878
7.08627,289.81529
7.08385,289.76632
7.08144,289.32547
7.07902,288.48183
7.0766,287.34829
7.07419,286.04576
7.07178,284.80988
7.06937,283.53266
7.06696,282.53697
7.06455,282.29456
7.06215,281.98432
7.05974,281.69505
7.05734,282.00969
7.05494,281.70597
7.05254,280.80533
7.05014,279.92799
7.04775,278.95693
7.04535,277.51758
7.04296,276.52885
7.04057,275.6856
7.03818,274.5809
7.0358,273.68121
7.03341,273.22302
7.03102,273.28918
7.02864,272.89898
7.02626,272.78094
7.02388,272.13772
7.02151,271.15599
7.01913,270.87187
7.01676,270.11236
7.01438,268.51751
7.01201,266.89855
7.00964,265.75894
7.00727,264.50727
7.00491,263.1749
7.00254,263.27391
7.00018,263.90107
